pid,image_id,fold,y_true,proba_masked
RU-A1156,img_2919fb9629af8eb6,4,1,0.9867684245109558
RU-A1156,img_d113fcf2b340674b,4,1,0.443261057138443
RU-A1048,img_615157a6f6318fc0,0,1,0.0167673341929912
RU-A1048,img_1af1a8ac1245dd39,0,1,0.0546763129532337
RU-A1048,img_0434b8184663ea6a,0,1,0.0521949864923954
RU-A1048,img_1347dbe04673e854,0,1,0.0434492528438568
RU-A1048,img_5e7df910a2c0ac34,0,1,0.5244411826133728
RU-A1048,img_01a97ea00547c5bf,0,1,0.2193516492843628
RU-A1048,img_cdd19bc4e12d3f46,0,1,0.2158601880073547
RU-A1048,img_a2d37942a0dbbc96,0,1,0.6221444606781006
RU-A1048,img_5410faa7cb69fefd,0,1,0.4494020938873291
RU-A1048,img_02224c7fbd4dd58a,0,1,0.2720713317394256
RU-A1048,img_76da8f0577c13e22,0,1,0.7643735408782959
RU-A1048,img_77a1e9fda7d6f6ed,0,1,0.0408672876656055
RU-A1048,img_393086b1d76cf2e3,0,1,0.3380337059497833
RU-A1048,img_2daa10ddecff8b06,0,1,0.8637076020240784
RU-A1048,img_583fd0ffd3a7fae2,0,1,0.2222586721181869
RU-A1048,img_7efb7f864b447cc7,0,1,0.1350079774856567
RU-A1048,img_5cc8a8b1f0819e10,0,1,0.2522857785224914
RU-A1048,img_0ada6a07b5b250db,0,1,0.1935532093048095
RU-A1048,img_2dc9bdc31e605b73,0,1,0.1090114191174507
RU-A1048,img_19c1e67cae61b925,0,1,0.0063343760557472
RU-A1048,img_f905a8654c65f429,0,1,0.4433921277523041
RU-A1048,img_da5f0762a08801b8,0,1,0.3495357036590576
RU-A1048,img_9e431fa94056e03b,0,1,0.0076207374222576
RU-A1048,img_552958db4b80a3c8,0,1,0.1908461451530456
RU-A1080,img_53d27e21f6293a1a,3,0,0.5832736492156982
RU-A1080,img_e4462661e8adeeaa,3,0,0.0737958997488021
RU-A1080,img_b7c02f7e41a921b7,3,0,0.3038143813610077
RU-A1080,img_f6c8588b96713ccc,3,0,0.0552077330648899
RU-A1080,img_e7e6926b0c5d8fe3,3,0,0.0016271894564852
RU-A1080,img_763a8069a29b9b05,3,0,0.7927524447441101
RU-A1080,img_a0004c6821cef0f7,3,0,0.0003616244939621
RU-A1080,img_a98e6efe9c8de603,3,0,0.0116077400743961
RU-A1080,img_cb025e3782630dbe,3,0,0.0004782401956617
RU-A1080,img_8f18c4773b2ced5b,3,0,0.2123450189828872
RU-A1080,img_49be88c649c5c5be,3,0,0.0653953999280929
RU-A1089,img_e22a379091047774,1,1,0.280744731426239
RU-A1089,img_bdfb8c59d943520a,1,1,0.7853342890739441
RU-A1099,img_ced36bdbc001ccc5,2,1,0.0618721321225166
RU-A1099,img_934d287b5ca033af,2,1,0.0093728667125105
RU-A1099,img_605490138f3b6cce,2,1,0.1255953013896942
RU-A1099,img_5f889a4ac2057fb5,2,1,0.725121796131134
RU-A1099,img_026898dfaf220c28,2,1,0.9387583136558532
RU-A1099,img_09b90c24774e7828,2,1,0.545836329460144
RU-A1099,img_ca690feda1d750fa,2,1,0.1004112288355827
RU-A1099,img_76769bde8f825629,2,1,0.0128442710265517
RU-A1107,img_9d423112ae60515f,0,0,0.0782157033681869
RU-A1107,img_70c41eda32a6d457,0,0,0.1622747182846069
RU-A1107,img_698fb297a7c6039d,0,0,0.3287138342857361
RU-A1107,img_5a3419b739374530,0,0,0.3530818521976471
RU-A1016,img_1d66366cc1998061,1,0,0.1512107998132705
RU-A1016,img_d645bb77266d216e,1,0,0.0599543415009975
RU-A1016,img_da759c53188dfdb3,1,0,0.0451150350272655
RU-A1016,img_2855963ede417424,1,0,0.0060175913386046
RU-A1016,img_23ca300f480bc79f,1,0,0.0132502745836973
RU-A1016,img_1a7a1dd3d46fc9a1,1,0,0.1479420661926269
RU-A1016,img_70a1cef338771195,1,0,0.6830979585647583
RU-A1016,img_7a817b858d664095,1,0,0.8484512567520142
RU-A1016,img_10fa9ab5f75b2e02,1,0,0.1642848551273346
RU-A1016,img_7ba1a59cd0f4ad6d,1,0,0.1828135550022125
RU-A1016,img_629dc507d72bad23,1,0,0.7681443691253662
RU-A1052,img_30ccafa79b1e5c28,2,0,0.1097366884350776
RU-A1052,img_8ce1046e2ebff118,2,0,0.0060868496075272
RU-A1052,img_78ad139745c96657,2,0,0.0519665665924549
RU-A1052,img_0a077b8d620d3f1f,2,0,0.0476321093738079
RU-A1052,img_574ca5460edab67d,2,0,0.0368886962532997
RU-A1052,img_1e8f662b5872bf74,2,0,0.1191730052232742
RU-A1052,img_689f29f80d42312b,2,0,0.0928657725453376
RU-A1052,img_89074b12d5e3769f,2,0,0.1014051884412765
RU-A1052,img_6e69a1cffb1797fe,2,0,0.0024107170756906
RU-A1052,img_bb88c76ad332f52c,2,0,0.0062792589887976
RU-A1052,img_6b9803ba9e3f4d39,2,0,0.2296013385057449
RU-A1052,img_345241a2162f61a8,2,0,0.7792475819587708
RU-A1058,img_8ca9b1dfea8f445b,2,0,0.0310927759855985
RU-A1058,img_1448eb37b91dfbf2,2,0,0.1133092418313026
RU-A1058,img_1285bc76185e755d,2,0,0.0069637647829949
RU-A1058,img_ac7b7097852242e3,2,0,0.4741664230823517
RU-A1058,img_53f9e1bf5a2928fd,2,0,0.3408084809780121
RU-A1058,img_0c6632a19da1d320,2,0,0.1003490835428237
RU-A1058,img_1397bd6a0fcbb42b,2,0,0.1000603809952735
RU-A1058,img_8ab00ebe9c4df78f,2,0,0.0473000928759574
RU-A1058,img_ffed7cab95661d93,2,0,0.3406121134757995
RU-A1058,img_9b6fdf227782fd34,2,0,0.5110957026481628
RU-A1058,img_bd58a96c7a49a8fa,2,0,0.0330447554588317
RU-A1058,img_f01449513fc32162,2,0,0.0630448162555694
RU-A1058,img_588134547734a2ad,2,0,0.217035561800003
RU-A1058,img_fc9442cf9ee7d0a7,2,0,0.1906170547008514
RU-A1058,img_a813e15ee1fb49a5,2,0,0.0004307997005525
RU-A1058,img_6e04fb5a35747565,2,0,0.8903334736824036
RU-A1058,img_6cb909bef7a2df08,2,0,0.0390849709510803
RU-A1058,img_0d38dc280a0ed213,2,0,0.1241915076971054
RU-A1074,img_a0861ea9e7660989,2,0,0.0034691449254751
RU-A1074,img_e145a6fa6dd942f6,2,0,0.0010730224894359
RU-A1074,img_31f3a4018f5dd8d0,2,0,0.2656348943710327
RU-A1074,img_c944a6f2be7b4fe9,2,0,0.3386391401290893
RU-A1074,img_36173f5c1e011c0d,2,0,0.7920452356338501
RU-A1074,img_1a8ed1c40c6e7e5f,2,0,0.3574961721897125
RU-A1098,img_3ae15fde7f9afade,3,0,0.0120605612173676
RU-A1098,img_905e1b987819fed4,3,0,0.0376468636095523
RU-A1098,img_37c256109ac3a823,3,0,0.0009930846281349
RU-A1098,img_e00095b434bed28d,3,0,0.2348033338785171
RU-A1098,img_4fdbe66edfebdc04,3,0,0.0059326770715415
RU-A1098,img_dc432a1c6eaf385c,3,0,0.0786732286214828
RU-A1098,img_31a7b21a748aed23,3,0,0.0036439085379242
RU-A1098,img_1cccaf4a04648eb1,3,0,0.0250062253326177
RU-A1050,img_d2ef31434a0fff6e,3,1,0.0134484963491559
RU-A1050,img_ee0066527d1c4cd6,3,1,0.0303790643811225
RU-A1068,img_0dc274e4a92e9052,2,0,0.0506649352610111
RU-A1068,img_c865d5a832893e9b,2,0,0.0090217785909771
RU-A1068,img_164e07147199a243,2,0,0.0181131791323423
RU-A1068,img_fac566c3c6c081fd,2,0,0.0018494150135666
RU-A1068,img_fadbd2819e4b7f0b,2,0,0.0137623688206076
RU-A1068,img_6195cb9ef196e838,2,0,0.0580876655876636
RU-A1068,img_df1bb1f949077480,2,0,0.0102881556376814
RU-A1068,img_ccdb8b939171d9df,2,0,0.0089130010455846
RU-A1068,img_1480e4fb992468df,2,0,0.037664595991373
RU-A1068,img_93521b4fc9a39744,2,0,0.0820862874388694
RU-A1068,img_0ef6c053a1efa9cb,2,0,0.0022908798418939
RU-A1068,img_25d8ce440d731440,2,0,0.073243461549282
RU-A1068,img_a1eb985fcd771a63,2,0,0.6374459862709045
RU-A1068,img_6919fc42f2cb0292,2,0,0.9084638357162476
RU-A1069,img_29fea1742bde81f1,3,0,0.954087495803833
RU-A1069,img_d3537ec084088385,3,0,0.0030799694359302
RU-A1069,img_5f90bb3a75a84565,3,0,0.0005362295778468
RU-A1069,img_89432fed4f986adb,3,0,0.0179319214075803
RU-A1069,img_7a36ca777906472c,3,0,0.0553625710308551
RU-A1069,img_dbe15317497aec02,3,0,0.1654202938079834
RU-A1069,img_00881378b5922b46,3,0,0.0006307562580332
RU-A1069,img_11333961ba50a402,3,0,0.0171082392334938
RU-A1069,img_2730485b8df5a181,3,0,0.1903896629810333
RU-A1069,img_144d587daae63140,3,0,0.0083275837823748
RU-A1069,img_9e907ab2c0c5f60f,3,0,0.2094716578722
RU-A1069,img_c2312dc45a9ee6c9,3,0,0.040262758731842
RU-A1069,img_66f1fc5d75ccad3c,3,0,0.0031595141626894
RU-A1069,img_f40cefc5aabb8685,3,0,0.0126310121268033
RU-A1069,img_3539ec17c0f6dc19,3,0,0.034275934100151
RU-A1069,img_2f445d43cb6a4c34,3,0,0.2256482988595962
RU-A1069,img_096a19e1485e3e1d,3,0,0.0142108183354139
RU-A1069,img_38e65d5e417cbbd8,3,0,0.0001684911840129
RU-A1069,img_b7487da3d4cbfd51,3,0,0.0112883867695927
RU-A1069,img_de7f3391803d823e,3,0,0.1407619714736938
RU-A1069,img_ec74d794cb0c8612,3,0,0.0445354431867599
RU-A1069,img_fd9e9ef128d318ca,3,0,0.0121615165844559
RU-A1069,img_1958472f7c720185,3,0,0.0300479233264923
RU-A1069,img_1c977fc3cb36e35c,3,0,0.0002079591940855
RU-A1069,img_dc6e72e5addf23c9,3,0,0.0009213141165673
RU-A1069,img_1c331cded5089a43,3,0,0.1609826236963272
RU-A1069,img_902a4cff1b93d849,3,0,0.0020515006035566
RU-A1069,img_be34d14764caec98,3,0,0.0025518662296235
RU-A1069,img_14783106ce96dfba,3,0,0.293081670999527
RU-A1069,img_f7009805dff8f9cf,3,0,0.2659103274345398
RU-A1069,img_cbe30f9cebd532ad,3,0,0.0075857252813875
RU-A1069,img_807f692be3a97d7b,3,0,0.7689560651779175
RU-A1071,img_f1bf7e185918828e,0,1,0.3628139793872833
RU-A1071,img_6764b3bb82303282,0,1,0.1601506471633911
RU-A1071,img_255ba469849c7fbe,0,1,0.5626164674758911
RU-A1071,img_fb8cdf71da917259,0,1,0.2159493118524551
RU-A1071,img_5d53ba894d46933e,0,1,0.0578598603606224
RU-A1071,img_18981532a2de742f,0,1,0.5355969071388245
RU-A1072,img_e4d19559ce6c7c5b,0,0,0.0014259270392358
RU-A1072,img_745564efb4b1aedf,0,0,0.0157160200178623
RU-A1072,img_b9428b3d585b9fee,0,0,0.020889850333333
RU-A1072,img_30d0d7cbd2ae936d,0,0,0.1075292751193046
RU-A1072,img_09350acbf91fa1d1,0,0,0.012325326912105
RU-A1072,img_e96f4fedd84d477b,0,0,0.0235239379107952
RU-A1072,img_2a6459477585e3f1,0,0,0.0014197118580341
RU-A1072,img_f1dbff2a22171d4e,0,0,0.0558458380401134
RU-A1073,img_8dba78fb4cbfdcb2,4,0,0.0134595083072781
RU-A1073,img_510a24476049a246,4,0,0.0119820786640048
RU-A1073,img_05613777d7d60acf,4,0,0.0897564515471458
RU-A1073,img_69a449be8babb7c4,4,0,0.0049744881689548
RU-A1073,img_bf31b7c2b9a2c89a,4,0,0.0275267325341701
RU-A1073,img_ccdf9e7d4d800d31,4,0,0.007747511845082
RU-A1073,img_9d374727786014d6,4,0,0.7518219351768494
RU-A1073,img_3eeff4e77fc6c6ee,4,0,0.3373879790306091
RU-A1073,img_a658cde89dc61e4f,4,0,0.9872328042984008
RU-A1073,img_8adf2d3bfaa855df,4,0,0.7407107949256897
RU-A1073,img_43ce6eaffe64af70,4,0,0.9581533074378968
RU-A1076,img_bb2fb924b90d812c,1,0,0.6710746884346008
RU-A1076,img_0744d508411907b0,1,0,0.7271066904067993
RU-A1076,img_611f27940adb49c8,1,0,0.0334077328443527
RU-A1076,img_644a8a6165b936ba,1,0,0.1052159145474433
RU-A1076,img_534fc301f6b1e833,1,0,0.0210873000323772
RU-A1076,img_fa80805e4426bc0e,1,0,0.1972209513187408
RU-A1076,img_8ca4a7fbe4e032bb,1,0,0.3932389616966247
RU-A1076,img_4835ab32c70833cc,1,0,0.7551182508468628
RU-A1126,img_4ddb1f110e63c31b,2,0,0.0086942454800009
RU-A1126,img_35bf6e4514660541,2,0,0.0073939966969192
RU-A1126,img_f242ba277c2de047,2,0,0.0033731332514435
RU-A1126,img_dae060c5b2c5ecf1,2,0,0.0034132245928049
RU-A1126,img_a7f819e1627380f3,2,0,0.0015703209210187
RU-A1126,img_46103a5600e7d5d5,2,0,0.0127615705132484
RU-A1126,img_d4f2f36284da00ee,2,0,0.0031521164346486
RU-A1126,img_4e09a720d179bb90,2,0,0.0296556707471609
RU-A1126,img_101a1e6361f5d305,2,0,0.0491808727383613
RU-A1126,img_377d04c2fcdda1f4,2,0,0.0203727874904871
RU-A1126,img_4586a68b3d2249a8,2,0,0.0096867606043815
RU-A1126,img_53cab7963dfdb145,2,0,0.00046227267012
RU-A1126,img_39d5cad440ad53bc,2,0,0.003550267778337
RU-A1126,img_056bdeb69b8eb219,2,0,0.0221521239727735
RU-A1126,img_a26eb1715e61d6d7,2,0,0.007244667969644
RU-A1126,img_f7128edd69c5262b,2,0,0.0058697434142231
RU-A1126,img_69984608b5a511ee,2,0,0.0103840203955769
RU-A1126,img_aeb0d9f5e4463af5,2,0,0.0013482581125572
RU-A1126,img_f0814c91261a030c,2,0,0.0254851058125495
RU-A1126,img_7a8b9e8f09a41c3e,2,0,0.0051609249785542
RU-A1126,img_9666940deb9aa619,2,0,0.0012527561048045
RU-A1126,img_8f58731f05b2d28f,2,0,0.0072752442210912
RU-A1126,img_bb03e6e5f4e38473,2,0,0.2843562662601471
RU-A1127,img_65f135634172bf81,0,0,0.0458207391202449
RU-A1127,img_e11c00a5e4be1445,0,0,0.0253808610141277
RU-A1127,img_bd270699ec7182d8,0,0,0.0239847768098115
RU-A1127,img_e435f67edcf96df7,0,0,0.5124348402023315
RU-A1127,img_a43b0bab4cd1ed22,0,0,0.0682707577943801
RU-A1127,img_fc88faf9ee7ce35a,0,0,0.0207219626754522
RU-A1127,img_26041efc1df315c9,0,0,0.0723174810409545
RU-A1127,img_7a642b7a90127e64,0,0,0.0913169831037521
RU-A1127,img_99531d809548016a,0,0,0.1402037888765335
RU-A1127,img_af09bc5d6bba7a42,0,0,0.0358559228479862
RU-A1127,img_b6e2d573eaf7b7cd,0,0,0.0758553519845008
RU-A1127,img_f9f954868257ad47,0,0,0.0248207934200763
RU-A1127,img_db6a9fd49d75710d,0,0,0.0932141989469528
RU-A1127,img_83a990ec838630eb,0,0,0.186504915356636
RU-A1127,img_0ca49a5a34306a63,0,0,0.0394981391727924
RU-A1127,img_258742d4f1fa433c,0,0,0.027631351724267
RU-A1128,img_f4c5b5b86d18cce6,0,0,0.045633390545845
RU-A1128,img_204eec53a566d1b7,0,0,0.3459567725658417
RU-A1128,img_701ac62ee9a3469d,0,0,0.031409379094839
RU-A1128,img_789ac8a72d2f1104,0,0,0.0074382619932293
RU-A1128,img_eec002ba891bdbc6,0,0,0.0805706158280372
RU-A1128,img_8b119e966f9ca72f,0,0,0.3324929773807525
RU-A1128,img_c853576ec6962317,0,0,0.0082324286922812
RU-A1128,img_e716f023a7d8d739,0,0,0.1428548693656921
RU-A1128,img_538d5666e7520d8e,0,0,0.01645178347826
RU-A1128,img_7a5261be4e4997f3,0,0,0.0295869093388319
RU-A1128,img_0f7370c1b633d224,0,0,0.0066921240650117
RU-A1128,img_ac771a3bced2f6b2,0,0,0.0172627456486225
RU-A1129,img_f6039f0947ed5b6b,3,0,0.041837140917778
RU-A1129,img_e3e37d1eb88750cc,3,0,0.0020756409503519
RU-A1129,img_89e7758c27344884,3,0,0.019080102443695
RU-A1129,img_be95c5b90c88c440,3,0,0.0018693141173571
RU-A1129,img_48e7aa056995efae,3,0,0.0106404153630137
RU-A1129,img_137a5b427d8d4a64,3,0,0.2786126136779785
RU-A1129,img_6dd6e89d47bb86fe,3,0,0.0525714755058288
RU-A1129,img_e4c96351506b7f65,3,0,0.7074418067932129
RU-A1129,img_697570746b7b3079,3,0,0.0345434695482254
RU-A1129,img_7bd0ed37218258ca,3,0,0.9908603429794312
RU-A1129,img_50278f3d469627de,3,0,0.0020113917998969
RU-A1129,img_d9a943c8560821a6,3,0,0.0006098964367993
RU-A1129,img_85c9554d7ea88341,3,0,0.037888266146183
RU-A1129,img_25bf6bfb7549cdbb,3,0,0.3859692811965942
RU-A1129,img_1655afc496e7bcb4,3,0,0.0540166199207305
RU-A1129,img_b2c49f4a3ff85489,3,0,0.0009447050397284
RU-A1129,img_17dbaff41152c136,3,0,0.0009075457346625
RU-A1129,img_d293e37da6fcf502,3,0,0.0265735555440187
RU-A1130,img_48323da9bd082bec,3,0,1.4916940926923417e-05
RU-A1130,img_2e06ce1cead79d54,3,0,0.001334676053375
RU-A1130,img_12daf29661aac061,3,0,0.2911044657230377
RU-A1130,img_353bf259c477ee37,3,0,0.0300676636397838
RU-A1130,img_f7fb6cc5bc7d9e73,3,0,0.0031263965647667
RU-A1130,img_aa569dc1ef97c1fb,3,0,0.0003462847671471
RU-A1130,img_f0b2453f76d15da4,3,0,0.0124287586659193
RU-A1130,img_507260ca6a53b174,3,0,0.0021313671022653
RU-A1130,img_9b3878bfe27b7895,3,0,0.0001842091151047
RU-A1130,img_1f3a2d6655b84224,3,0,0.117576740682125
RU-A1130,img_06f79d1195bec41d,3,0,0.0004742338496726
RU-A1130,img_79ef52bffc6ec78f,3,0,0.484085202217102
RU-A1130,img_04ae63b035263d00,3,0,0.0002633939438965
RU-A1130,img_bb74e7be37127015,3,0,0.00044810725376
RU-A1130,img_949e23c2f2fd1016,3,0,0.0004515291948337
RU-A1130,img_1d4b352986086f6e,3,0,0.0088822366669774
RU-A1130,img_67e7de3d28cb8496,3,0,0.0038244451861828
RU-A1130,img_3d0e575a22dab7e5,3,0,7.964261749293655e-05
RU-A1130,img_f6bf7c99481933fb,3,0,0.0004783900221809
RU-A1130,img_802074d2422790a7,3,0,0.0048753311857581
RU-A1130,img_988057f0440d7c5a,3,0,0.0062071159482002
RU-A1132,img_15cf412b8a36ef71,4,0,0.1819094270467758
RU-A1132,img_0b7a2191dae0145e,4,0,0.1787701398134231
RU-A1132,img_bd3bef2fda7e9294,4,0,0.0349614508450031
RU-A1132,img_c56c490910e5f114,4,0,0.0190144013613462
RU-A1132,img_29fe3d927d718862,4,0,0.0702343434095382
RU-A1132,img_6637779fbed35c03,4,0,0.9557942748069764
RU-A1133,img_4dd30ef220739129,2,0,0.0188927985727787
RU-A1133,img_9fdb3004006fb583,2,0,0.0016817026771605
RU-A1133,img_0f8a84c5585db9e0,2,0,0.0444942563772201
RU-A1133,img_7e599e22da3e9ad2,2,0,0.0085395108908414
RU-A1133,img_16ad54908803d355,2,0,0.141678974032402
RU-A1133,img_b8b1d03099d3b68e,2,0,0.1063034832477569
RU-A1133,img_1d0da9d20fc15170,2,0,0.0761585980653762
RU-A1133,img_5dbafefa1884bcc9,2,0,0.3263810575008392
RU-A1133,img_1e853a199f94bd0c,2,0,0.1170959845185279
RU-A1133,img_dde17dbd58b9b1d3,2,0,0.0262625664472579
RU-A1133,img_e2caff634357bc0e,2,0,0.2477996498346328
RU-A1133,img_03ef30754e533a31,2,0,0.1337984353303909
RU-A1133,img_a77f45575c65a286,2,0,0.0204781778156757
RU-A1133,img_01396c8e70449092,2,0,0.006772466469556
RU-A1133,img_0eba25a0a12d1eb2,2,0,0.0372447408735752
RU-A1133,img_4798318cde3a1421,2,0,0.0130290817469358
RU-A1133,img_203649cdb542ecee,2,0,0.0541584827005863
RU-A1134,img_ed36ea9af7ad3d98,4,0,0.1061421185731887
RU-A1134,img_376ff3f0d8fe329a,4,0,0.0007974537438713
RU-A1134,img_9e4e935346f1d491,4,0,0.1031643152236938
RU-A1134,img_ff0b2d613e853bc2,4,0,0.0829386189579963
RU-A1135,img_56952127417c94b0,1,0,0.2681320905685425
RU-A1135,img_49f60fe3a815bbb9,1,0,0.6057021021842957
RU-A1135,img_effb746d58a61371,1,0,0.0385405048727989
RU-A1135,img_97a67ce819773434,1,0,0.2188120186328888
RU-A1135,img_74533c5080577f94,1,0,0.3615662753582001
RU-A1135,img_a95e9e26848f273f,1,0,0.1241252869367599
RU-A1135,img_8e6f25b814f1bd4f,1,0,0.0929338708519935
RU-A1135,img_0d8b5d72aa37485c,1,0,0.0309210252016782
RU-A1135,img_e2207ad1fa5aaaf2,1,0,0.0440529473125934
RU-A1135,img_5745b0875fce9cd8,1,0,0.0801743045449256
RU-A1135,img_c474af5a94d6c7e7,1,0,0.9286073446273804
RU-A1135,img_8c32590e51086ca3,1,0,0.0333397574722766
RU-A1135,img_c82d8de6b91030fb,1,0,0.0859041810035705
RU-A1135,img_c9e464554cddf543,1,0,0.0369325689971447
RU-A1135,img_a173b1dde10d4bc3,1,0,0.0890880823135376
RU-A1135,img_017660fbfe2280a5,1,0,0.0046390946954488
RU-A1135,img_065ea38bcd0c7c62,1,0,0.0712057501077652
RU-A1135,img_a9479de5e22db8bd,1,0,0.0204717423766851
RU-A1136,img_e5219e7b26eb73b1,0,0,0.0093660950660705
RU-A1136,img_8e6c90ed9efe226e,0,0,0.0057583320885896
RU-A1136,img_db87d54477455f59,0,0,0.723876416683197
RU-A1136,img_5f0e93cb50037c12,0,0,0.1767088770866394
RU-A1138,img_931d5f624e33e830,4,0,0.4345673322677612
RU-A1138,img_94fdc2acc712d855,4,0,0.8380435109138489
RU-A1138,img_9670dd15697b9414,4,0,0.4235192835330963
RU-A1138,img_52e3fb1a3a09f5fb,4,0,0.253490149974823
RU-A1139,img_a0a0681c0f504288,3,0,0.1986972540616989
RU-A1139,img_80ff552783e0160d,3,0,0.2325106710195541
RU-A1139,img_3fb25d283203ec69,3,0,0.0086716180667281
RU-A1139,img_c09c2cf650dadbe0,3,0,0.0520631372928619
RU-A1139,img_4f592f8b7198c69f,3,0,0.0091220494359731
RU-A1139,img_0243ed6625d457b6,3,0,0.09316336363554
RU-A1139,img_396bfcc16f61b215,3,0,0.0145617080852389
RU-A1139,img_456c20f1e038272d,3,0,0.0600285716354846
RU-A1139,img_a5eb0bce84817083,3,0,0.1466193497180938
RU-A1139,img_215eac80c8974f54,3,0,0.6346549987792969
RU-A1139,img_35dc2dfe80bae39d,3,0,0.0229981187731027
RU-A1139,img_b961ac4ec3ae188f,3,0,0.5116252303123474
RU-A1139,img_b1f87444687720ea,3,0,0.1530940383672714
RU-A1139,img_dab42944989b11f2,3,0,0.3516443967819214
RU-A1139,img_8d942fb94cd14302,3,0,0.000978545169346
RU-A1139,img_a8edc153e0a81e64,3,0,0.1463572680950164
RU-A1139,img_a53b36472b667b61,3,0,0.1886124461889267
RU-A1139,img_434603eb41ab48f0,3,0,0.0159722287207841
RU-A1139,img_2f2d73ad430f52d7,3,0,0.2100737690925598
RU-A1139,img_26fb18c28a6e53e6,3,0,0.3018444180488586
RU-A1140,img_26c110293f70dad1,4,0,0.0046376325190067
RU-A1140,img_ae5e7eba2b3aa7c8,4,0,2.2944588636164553e-05
RU-A1140,img_00fa53f51edf4895,4,0,0.2403942197561264
RU-A1140,img_f3cbda6c7488e42c,4,0,0.0144258216023445
RU-A1140,img_194d27375a4fa5c6,4,0,0.0129751842468976
RU-A1140,img_a05d92da8b327445,4,0,0.8994709253311157
RU-A1140,img_7413a2de0aa0174b,4,0,0.3931174874305725
RU-A1140,img_34889222a498afd6,4,0,0.240060493350029
RU-A1141,img_ecdabe6a3e49ccd3,2,0,0.007592768408358
RU-A1141,img_4fb7b38c4698ebf3,2,0,0.5667872428894043
RU-A1141,img_41475682c2aebfc3,2,0,0.2623149752616882
RU-A1141,img_fbf2ba863bd19b3b,2,0,0.0051245908252894
RU-A1141,img_db6786c3dcf16060,2,0,0.0070315301418304
RU-A1141,img_ed6f3e7f8d72d048,2,0,0.0091725420206785
RU-A1141,img_03641367c2f44142,2,0,0.0075080571696162
RU-A1141,img_b9237598d9256f2c,2,0,0.1561036258935928
RU-A1141,img_e3ded371448f2b8a,2,0,0.0037158855702728
RU-A1141,img_c3f74ba3c8f13502,2,0,0.1912626922130584
RU-A1141,img_c1e472cb347b9bf7,2,0,0.6812741756439209
RU-A1141,img_268532d45961e5a1,2,0,0.1932046711444854
RU-A1142,img_b2ad183e525f10c1,2,0,0.0280709750950336
RU-A1142,img_6ce18d9da5068176,2,0,0.0222310032695531
RU-A1142,img_65057f6d6bc448f5,2,0,0.0199043210595846
RU-A1142,img_bdc73face27cb757,2,0,0.0666365921497345
RU-A1142,img_a73b2795321d87fd,2,0,0.0143584320321679
RU-A1142,img_a4dec0f8826348fa,2,0,0.2713944911956787
RU-A1142,img_70f42d3489e475e8,2,0,0.1548092067241668
RU-A1142,img_968b51a1720bbe67,2,0,0.0222983546555042
RU-A1144,img_2321d2c7c61443d5,1,0,0.0029044027905911
RU-A1144,img_f9fbf54dd971d875,1,0,0.0027741466183215
RU-A1144,img_38e99becd6fe2fa6,1,0,0.0162046048790216
RU-A1144,img_ab4fa3020e4749e6,1,0,0.027360076084733
RU-A1145,img_5506c96096e2993c,2,0,0.0264984536916017
RU-A1145,img_b2927a9e01e64f71,2,0,0.0905742943286895
RU-A1145,img_4a21211935dbf055,2,0,0.2444768100976944
RU-A1145,img_ab6ea08957db0f7f,2,0,0.0231469999998807
RU-A1145,img_691cfcc39614dce0,2,0,0.0063495794311165
RU-A1145,img_25dcbd43003f67a8,2,0,0.3802257776260376
RU-A1145,img_0326cf3b6e450cc3,2,0,0.4432151615619659
RU-A1145,img_7b523791a95e3682,2,0,0.0040284632705152
RU-A1145,img_ee6148fa870aea45,2,0,0.0277105160057544
RU-A1145,img_b464a60724b572f1,2,0,0.0060797864571213
RU-A1145,img_85d0c89ba7b1deb2,2,0,0.0018556417198851
RU-A1145,img_106c4d1330a25198,2,0,0.0252811089158058
RU-A1145,img_728b520aa9b3df5b,2,0,0.0047764480113983
RU-A1145,img_e5f7b03075ac2b2d,2,0,0.006027162540704
RU-A1145,img_0f524c91d54a0ee1,2,0,0.0017155418172478
RU-A1145,img_8f29a44b434e5073,2,0,0.1981063038110733
RU-A1146,img_ced7d37a8dae7e24,0,0,0.2875605523586273
RU-A1146,img_15c81a3a70b32e64,0,0,0.0659382045269012
RU-A1146,img_d36a03a1d0789eba,0,0,0.0082197459414601
RU-A1146,img_18a50179b924dc8c,0,0,0.0634739026427269
RU-A1146,img_0fed6dfc88b8b783,0,0,0.0661972016096115
RU-A1146,img_f28324d2ab8439c5,0,0,0.1519541442394256
RU-A1146,img_96bbdcf63f1c1f66,0,0,0.4361111521720886
RU-A1146,img_cb16569d14cc9ca2,0,0,0.0094340164214372
RU-A1146,img_547da02fb9eca47e,0,0,0.0046240692026913
RU-A1146,img_4b0b2dc7686d6899,0,0,0.0048607187345623
RU-A1147,img_69e14d7b393117b7,0,0,0.317935973405838
RU-A1147,img_f5aca410d64307db,0,0,0.0408816263079643
RU-A1147,img_fcdd57bb839a53a4,0,0,0.0012613747967407
RU-A1147,img_3903baa4c4f2c7c7,0,0,0.0238801315426826
RU-A1147,img_402a2adeeaf43be0,0,0,0.0354228429496288
RU-A1147,img_12af5491025ef0ea,0,0,0.5111232995986938
RU-A1147,img_9210309a03851a22,0,0,0.0125782415270805
RU-A1147,img_5ae420538bcec54b,0,0,0.0732277706265449
RU-A1147,img_5e70d2b34946b905,0,0,0.1504650115966797
RU-A1147,img_759efcb3c4356499,0,0,0.0082399221137166
RU-A1147,img_17b76f0a1611d140,0,0,0.1763419508934021
RU-A1147,img_4624055e69a270ac,0,0,0.0607649609446525
RU-A1147,img_ff7accb2b937f7d6,0,0,0.2835265398025512
RU-A1202,img_4c401195a5b2dbc8,1,0,0.0600096359848976
RU-A1202,img_4fbe40f27ae53a8d,1,0,0.0607463456690311
RU-A1202,img_5daedf8cf6d54f2b,1,0,0.0189602114260196
RU-A1202,img_2429b0c9ac82f187,1,0,0.0510009713470935
RU-A1202,img_b968590fd31c6c14,1,0,0.0018543455516919
RU-A1202,img_39d666110e045dd9,1,0,0.0003292081819381
RU-A1202,img_17102de048dbece6,1,0,0.0141571033746004
RU-A1202,img_4aed10f09f507bdc,1,0,0.1405968368053436
RU-A1202,img_96ada6b1a6c5ed2b,1,0,0.0030239564366638
RU-A1202,img_ef363ec5702bcaa8,1,0,0.1753160506486892
RU-A1202,img_78269f2cf0e2576c,1,0,0.0025646002031862
RU-A1202,img_8a39d825db4a5db3,1,0,0.0007976839551702
RU-A1202,img_70b5f2968fea226a,1,0,0.0002442094846628
RU-A1202,img_69057031549b9606,1,0,0.0128235425800085
RU-A1202,img_87243945ec9d81eb,1,0,0.0062220464460551
RU-A1201,img_86b52b9e9958cb91,2,0,0.0016448862152174
RU-A1201,img_ebb5fa79a3a0e738,2,0,0.2781886458396911
RU-A1201,img_638a3b81d858d2ac,2,0,0.1128522977232933
RU-A1201,img_0543a375b20dd158,2,0,0.0104524120688438
RU-A1201,img_f4e988516512b4d7,2,0,0.0908776372671127
RU-A1201,img_0b650760c9e26b95,2,0,0.0731158405542373
RU-A1203,img_f9649968c9fff551,4,0,0.0344820022583007
RU-A1203,img_1e75a1f1fc6e260c,4,0,8.739333134144545e-05
RU-A1203,img_097410aaa009b6dd,4,0,0.1721500903367996
RU-A1203,img_c00a3cbe65ad9b25,4,0,0.0804679691791534
RU-A1203,img_13394217e6d79693,4,0,0.002169134793803
RU-A1203,img_08903abb37754c7a,4,0,2.547096664784476e-05
RU-A1203,img_1ed1e355291bc918,4,0,0.0052540637552738
RU-A1205,img_cb252e7cb6b252b7,3,0,0.9812844395637512
RU-A1205,img_e74c1037c323ddbf,3,0,0.1785785853862762
RU-A1205,img_e76f306966d729c7,3,0,0.0063160452991724
RU-A1205,img_eedffc1c166d9a7d,3,0,0.0328114554286003
RU-A1205,img_036397361a161372,3,0,0.0131420576944947
RU-A1205,img_b6a2604d53f26de4,3,0,7.963803000166081e-06
RU-A1206,img_401d451bf4585e41,0,0,0.0296785533428192
RU-A1206,img_881a18cc6320eb00,0,0,0.0026435377076268
RU-A1206,img_4ad5f238a8ee51e3,0,0,0.2348422706127166
RU-A1206,img_8b4b82c0750ab605,0,0,0.6372660398483276
RU-A1206,img_324ae7ad040477db,0,0,0.740281879901886
RU-A1206,img_e90e80bfa5a79964,0,0,0.1931855529546737
RU-A1206,img_003cb469d8a569c5,0,0,0.0193001143634319
RU-A1206,img_1e2961fc027f93b3,0,0,0.3264366090297699
RU-A1207,img_b494786e9af450da,4,0,0.5406134724617004
RU-A1207,img_4d81d7fe9b422e84,4,0,0.0216112546622753
RU-A1207,img_902232c7c0a3d4c2,4,0,0.2720338404178619
RU-A1207,img_0a7e6f9256c72f06,4,0,0.6172974109649658
RU-A1207,img_8a8f29a0889233c3,4,0,0.1993074864149093
RU-A1207,img_f7666f176e7f7388,4,0,0.2728557288646698
RU-A1207,img_77689d2ad2c3e35c,4,0,0.0343472026288509
RU-A1207,img_c6d609029afdddea,4,0,0.7603481411933899
RU-A1207,img_841ada8e475bba36,4,0,0.0020783669315278
RU-A1207,img_af41e73a224b54c6,4,0,0.0286403931677341
RU-A1207,img_4f2380c6f4e1dbd8,4,0,0.1277465969324112
RU-A1207,img_c5f77a55a52377a3,4,0,0.0091293714940547
RU-A1207,img_a7438582f2d0d331,4,0,0.0100323902443051
RU-A1207,img_dd9f802e25fe4573,4,0,0.0543104708194732
RU-A1207,img_a06482114b8a0a58,4,0,0.2357012629508972
RU-A1208,img_17dd2e5560d73f63,4,0,0.0296211466193199
RU-A1208,img_d56111bfa714c12e,4,0,0.0016549209831282
RU-A1208,img_a48902cd0e0c7f5b,4,0,7.784073386574164e-05
RU-A1208,img_bab8b1dc4cdfd884,4,0,0.0001638321700738
RU-A1208,img_60426c88744ab86a,4,0,0.001508452813141
RU-A1208,img_4b59fab1264f9432,4,0,0.0046883635222911
RU-A1208,img_9880b1f7d904b33b,4,0,8.088712093012873e-06
RU-A1208,img_cb5b16f1a828f7fe,4,0,0.0001838036550907
RU-A1208,img_ec85dbb0087e3358,4,0,0.003581998636946
RU-A1208,img_78a8e0d97a7f8ac9,4,0,0.0010208153398707
RU-A1208,img_8b6ef4fe53bd38b5,4,0,6.567554373759776e-05
RU-A1208,img_8278d9a770b28639,4,0,0.1174133047461509
RU-A1208,img_45de160d4d64ac55,4,0,0.0006078661535866
RU-A1208,img_438779e812f8bf6a,4,0,0.0007697387482039
RU-A1208,img_cdb118f39a5b4473,4,0,0.0418098419904708
RU-A1208,img_954bad01cc0ef40b,4,0,0.0128487152978777
RU-A1209,img_353fd50f62aca218,2,0,0.0029787004459649
RU-A1209,img_f206a6c21b92305a,2,0,0.0043747159652411
RU-A1209,img_e797af8591a092eb,2,0,0.0487222783267498
RU-A1209,img_609014321771c16c,2,0,0.0125229405239224
RU-A1209,img_cea364c286189852,2,0,0.0100102666765451
RU-A1209,img_c219aea0ff511d86,2,0,0.0046094274148344
RU-A1209,img_dd5c21938494dc52,2,0,0.0053031672723591
RU-A1209,img_f64dc240905f9be2,2,0,0.1021972000598907
RU-A1209,img_cb6236fc3b677115,2,0,0.0202255975455045
RU-A1209,img_68a555302192c0fb,2,0,0.0714035779237747
RU-A1210,img_61725d0b1b0e0cb2,3,0,0.000880942272488
RU-A1210,img_155bd3fc8325c70f,3,0,0.0623527131974697
RU-A1210,img_cf00ee9fe2f5ffeb,3,0,0.0029370032716542
RU-A1210,img_6cd9c4dc9e3109cb,3,0,0.0003294421185273
RU-A1210,img_47075dae946ac15d,3,0,0.0013022522907704
RU-A1210,img_0d38d197dd26f0aa,3,0,0.0052156900055706
RU-A1210,img_672d5348093db90f,3,0,0.0008992042276076
RU-A1210,img_037c13fdc57aedd9,3,0,0.002438289579004
RU-A1210,img_94ed3aafef16935c,3,0,0.5205745100975037
RU-A1210,img_8e351f771befb897,3,0,0.0124146845191717
RU-A1211,img_0907b22528827814,1,0,0.1489926725625991
RU-A1211,img_eebacaf09c83427e,1,0,0.0785432010889053
RU-A1211,img_4537beab7cb1193c,1,0,0.0064179138280451
RU-A1211,img_85441c6c4d0fb8c2,1,0,0.0415989905595779
RU-A1211,img_1eacae29803bf21a,1,0,0.0540469586849212
RU-A1211,img_4010ea7515699c33,1,0,0.0773872882127761
RU-A1212,img_37e836309c923c11,0,0,0.0031375414691865
RU-A1212,img_582e7b6003f841ef,0,0,0.0001756691635819
RU-A1212,img_9fdccda4397371f9,0,0,0.0009106874931603
RU-A1212,img_08b78af2be2b0564,0,0,0.0248580370098352
RU-A1212,img_b392e12dabd0e65d,0,0,0.1186028644442558
RU-A1212,img_5d1876c815c9ec6d,0,0,0.033623494207859
RU-A1212,img_e2390075fbdfa4c2,0,0,0.0029687900096178
RU-A1212,img_6ee22e20dbf4cf67,0,0,0.0007197231752797
RU-A1212,img_d252e91988a42408,0,0,0.1181374639272689
RU-A1212,img_f4336d900fedae9e,0,0,0.2740715444087982
RU-A1212,img_17b05618a5de66ac,0,0,0.0115288104861974
RU-A1212,img_3d0b770bfdad6a39,0,0,0.1915280073881149
RU-A1212,img_f0029347f2f4f900,0,0,0.1229517385363578
RU-A1212,img_729f4b312b74b92d,0,0,0.0208724755793809
RU-A1213,img_dbfe70b1bfbd5e40,4,0,0.0129093052819371
RU-A1213,img_89b747d14d60745f,4,0,0.0038457757327705
RU-A1213,img_1bdcc8a87c984e0a,4,0,0.9497082829475404
RU-A1213,img_895bf7487250ad15,4,0,0.6156806349754333
RU-A1213,img_b3b9484f99521e97,4,0,0.0057356492616236
RU-A1213,img_f90fccbd65c09948,4,0,0.1666595041751861
RU-A1213,img_572ff5251336d120,4,0,0.1588097810745239
RU-A1213,img_3a9a6ca234198d21,4,0,0.0022871543187648
RU-A1213,img_91a772c91a94b51c,4,0,0.0010332915699109
RU-A1213,img_d95b3eec1467f2a7,4,0,0.0110148638486862
RU-A1213,img_67ad1072713dc361,4,0,0.039460688829422
RU-A1213,img_7b056d25cb09eed9,4,0,0.0499872900545597
RU-A1213,img_a372e4f3d7450f90,4,0,0.0003247517743147
RU-A1213,img_c7491e64ea123a3f,4,0,0.0002929287147708
RU-A1213,img_055002a97baf65c6,4,0,0.0067889406345784
RU-A1213,img_eb3f920ac78c6b41,4,0,0.0019123423844575
RU-A1213,img_29ecbd554218393b,4,0,0.0276376157999038
RU-A1213,img_bf3f1776019b50f8,4,0,0.1743283420801162
RU-A1213,img_34d7a86850d1da2b,4,0,0.1469071060419082
RU-A1214,img_82f48037ecfde536,3,0,0.0897235721349716
RU-A1214,img_0175ba697801006d,3,0,0.0211878139525651
RU-A1214,img_101e864ca47066ed,3,0,0.0003685291449073
RU-A1214,img_a47e743276634fc6,3,0,0.0761596411466598
RU-A1214,img_4afffebb4c4f09c5,3,0,0.0057724327780306
RU-A1214,img_dfd5d89080f6115a,3,0,0.0063467230647802
RU-A1214,img_f3a2fb94bb548845,3,0,0.0059289010241627
RU-A1214,img_1ec0a35041f8c55d,3,0,0.004894180689007
RU-A1214,img_8a4ec502a0d4f888,3,0,0.0211473535746336
RU-A1214,img_3e4e7b16862d6fbd,3,0,0.0081326197832822
RU-A1214,img_697402d7672f79d7,3,0,0.0002752465661615
RU-A1214,img_532bb62f4d8e54a4,3,0,0.2137549221515655
RU-A1214,img_104e3505d2f90687,3,0,0.0118656642735004
RU-A1214,img_6e25eab3586fb211,3,0,0.0021567475050687
RU-A1214,img_fdb706a39535a531,3,0,0.0017004371620714
RU-A1214,img_9109357d61a20553,3,0,0.0104766553267836
RU-A1214,img_5045633daab523be,3,0,0.0005674786516465
RU-A1215,img_3c3af50601f6355b,4,0,0.0077193146571516
RU-A1215,img_c436f697141deeab,4,0,0.0020109724719077
RU-A1215,img_65f06901ee257285,4,0,0.0099604269489645
RU-A1215,img_567929a533ed4918,4,0,0.002546252682805
RU-A1215,img_e7a1c15fdeacdbcf,4,0,0.0002053100761258
RU-A1215,img_a764adb0e1f302db,4,0,0.000709100451786
RU-A1215,img_215b156f5f8ec6ac,4,0,0.0020121885463595
RU-A1215,img_c7263a916b585c89,4,0,0.0346374735236167
RU-A1215,img_7dab665bae3adbc5,4,0,0.00112903828267
RU-A1215,img_aa066bce5dfae31d,4,0,0.0063072592020034
RU-A1215,img_e44a1785e73fc759,4,0,0.0181264840066432
RU-A1215,img_f560b3a13f719595,4,0,0.0041794758290052
RU-A1215,img_949619fb3f54957a,4,0,0.003044540528208
RU-A1216,img_85aae14b16814baf,1,0,0.4244659543037414
RU-A1216,img_128ebddc631fe0fd,1,0,0.2154620736837387
RU-A1216,img_fb28765f779c2851,1,0,0.1906329095363617
RU-A1216,img_a46e8e754cb91c31,1,0,0.5786511301994324
RU-A1216,img_29de4260da3855b7,1,0,0.0093088103458285
RU-A1216,img_89a825217bfa20e8,1,0,0.2995603382587433
RU-A1216,img_34a531c66098ed9d,1,0,0.0155237102881073
RU-A1216,img_cd6d076ca651c25e,1,0,0.1043483391404151
RU-A1216,img_7bb72be2ec6e13dd,1,0,0.0392645932734012
RU-A1216,img_c3123396d113dc30,1,0,0.2723773717880249
RU-A1217,img_b75808893f16eaa2,4,0,0.0007980668451637
RU-A1217,img_4193e2d2ee44194a,4,0,0.165178120136261
RU-A1217,img_7a8100e30ffcbc5a,4,0,0.0006340102991089
RU-A1217,img_7f382726a58f713c,4,0,0.0017614730168133
RU-A1217,img_1753a9b5b94b3036,4,0,0.0031938166357576
RU-A1217,img_ddbe21634b2d1f6a,4,0,0.0019604044500738
RU-A1217,img_b09e1bd129e98a76,4,0,0.0005465029971674
RU-A1217,img_916f518e1fda63bc,4,0,8.821520896162838e-05
RU-A1217,img_d58493146e90799f,4,0,0.0050381491892039
RU-A1217,img_c4f8d97b32f76345,4,0,0.0190876238048076
RU-A1217,img_5be731c064a94a7a,4,0,0.4848050475120544
RU-A1217,img_b605f07c257a0bd7,4,0,0.1725543290376663
RU-A1218,img_703e38a785c38433,0,0,0.0324140228331089
RU-A1218,img_be5e63e89a31df45,0,0,0.0028874850831925
RU-A1218,img_5abd89008539f5f5,0,0,0.0294281542301177
RU-A1218,img_5034fb6ac4c953fb,0,0,0.007094801403582
RU-A1218,img_04b2eb6dbb51c52b,0,0,0.715340256690979
RU-A1218,img_2ad8b3b308f31cbc,0,0,0.0134400017559528
RU-A1218,img_a0a1ba70508d3e19,0,0,0.0350862927734851
RU-A1218,img_62ede3e11a0b1c48,0,0,0.0046075945720076
RU-A1219,img_4f14f1da66b198fe,0,0,0.2575249075889587
RU-A1219,img_3dbcdae8f5b3b161,0,0,0.1525283604860305
RU-A1219,img_10f8ba30a1bcb49a,0,0,0.0124631077051162
RU-A1219,img_7230d5864a187cda,0,0,0.0857401564717292
RU-A1219,img_36f36b4b5276b559,0,0,0.020145108923316
RU-A1219,img_ce2a8bf52477e0c0,0,0,0.0018828046740964
RU-A1219,img_4637e9dabc842144,0,0,0.0010793228866532
RU-A1219,img_c7622927bf489b22,0,0,0.0006282951217144
RU-A1219,img_64d250cf33bb9a68,0,0,0.1349158287048339
RU-A1219,img_c5904826d462940e,0,0,0.0165662746876478
RU-A1220,img_4368837fbcb7ea84,2,0,0.2513519823551178
RU-A1220,img_21ca0d666aaa0c4f,2,0,0.0466877222061157
RU-A1220,img_fa90efdb3f2a3aad,2,0,0.0152703737840056
RU-A1220,img_65fc83f4e483bbf6,2,0,0.0131642837077379
RU-A1220,img_0fae07cda02fea3a,2,0,0.4826477766036987
RU-A1220,img_be2b140f75d6caa0,2,0,0.0144863789901137
RU-A1220,img_099b76ea38acab3e,2,0,0.0083212926983833
RU-A1220,img_2f1dec00f1a0a3dd,2,0,0.0011947856983169
RU-A1220,img_4abbb21182f3c417,2,0,0.0367156080901622
RU-A1220,img_a0bb44e4f5cd7750,2,0,0.0044208411127328
RU-A1220,img_d4633f9b2697f097,2,0,0.0006751070031896
RU-A1241,img_045781793b1ff9df,2,0,0.0014919183449819
RU-A1241,img_850861b01c3c6a2e,2,0,0.0351340770721435
RU-A1241,img_89ae72efc991889c,2,0,0.0107476254925131
RU-A1241,img_a9e07b15b56078ac,2,0,0.0057847057469189
RU-A1241,img_74672b8acd9757ef,2,0,0.0028077696915715
RU-A1241,img_c81a6169c0ac3b94,2,0,0.0022731274366378
RU-A1241,img_78e533712cc7794f,2,0,0.0139757832512259
RU-A1241,img_395fe9475d2fac3a,2,0,0.0056150895543396
RU-A1241,img_ea315baacbeb672d,2,0,0.0015075210249051
RU-A1241,img_b92681cd2f99fd75,2,0,0.0201191864907741
RU-A1242,img_5fead66f3dcb2616,1,0,0.015388854779303
RU-A1242,img_0d6b82fd51ad5e66,1,0,0.0312554389238357
RU-A1242,img_0f3251073499f501,1,0,0.0005907725426368
RU-A1242,img_298a4b07b78d3d73,1,0,0.0066539468243718
RU-A1242,img_e75d2c7679125fca,1,0,0.0023229965008795
RU-A1242,img_35fe4e00351e04be,1,0,0.005461327265948
RU-A1242,img_79306880cd26e397,1,0,0.1117657348513603
RU-A1242,img_d57e276f1cf19d74,1,0,0.0005687750526703
RU-A1242,img_10053acd2829f178,1,0,0.4794299304485321
RU-A1242,img_0e2846309978704b,1,0,0.0803578197956085
RU-A1243,img_d707538bf936b39a,1,0,0.0028882238548249
RU-A1243,img_2d54536024e49d79,1,0,0.1006058827042579
RU-A1243,img_f717e18aad2b42bb,1,0,0.0012806763406842
RU-A1243,img_c485d31309c463df,1,0,0.0017652348615229
RU-A1243,img_19b0f01e63c079f5,1,0,0.0037296514492481
RU-A1243,img_5a18c6bcc2c5a67b,1,0,0.01057970803231
RU-A1243,img_39d50d99158ed5d0,1,0,0.0078414361923933
RU-A1243,img_e7531a9634fea0d4,1,0,0.0863571986556053
RU-A1243,img_71c2e2eba682cbe6,1,0,0.0225462932139635
RU-A1243,img_6896921d5f4794d3,1,0,0.022190673276782
RU-A1243,img_c10e7c2043ca610c,1,0,0.0933220386505127
RU-A1243,img_fa2008829bdbfb32,1,0,0.0505222305655479
RU-A1244,img_514c946bba777e0f,3,0,1.7440574083593674e-05
RU-A1244,img_cd79f7804d4f6da3,3,0,0.6343494653701782
RU-A1244,img_b8c5214ed22a3b5f,3,0,0.0007302015437744
RU-A1244,img_9b4c479e80f1c8a1,3,0,0.0218233130872249
RU-A1244,img_e0276b94ea3c68f6,3,0,0.0144633464515209
RU-A1244,img_53f6ef1ae48a7a02,3,0,0.0120685631409287
RU-A1244,img_389dd09d4f18d066,3,0,0.0044707604683935
RU-A1244,img_cfca37188d6a167b,3,0,0.004912229720503
RU-A1244,img_6a0ed9fa8c3abb2f,3,0,0.0028682928532361
RU-A1244,img_4f97e8e11996e1fb,3,0,0.0139896739274263
RU-A1249,img_ae5f0c08e5dc41e8,3,0,0.0617826506495475
RU-A1249,img_0ce8d47d8e85d53d,3,0,0.0001137870349339
RU-A1249,img_98a0c29f954e8b7e,3,0,0.0527301132678985
RU-A1249,img_5acff58f31d5dcfe,3,0,0.0638800859451294
RU-A1249,img_09d221ba6f95febb,3,0,0.0155781302601099
RU-A1249,img_e269f52617f53200,3,0,0.030430894345045
RU-A1249,img_bb2ddc86c404dd09,3,0,0.0037228045985102
RU-A1249,img_c699b29b95de37e6,3,0,0.0035769829992204
RU-A1249,img_7aedecf9b58c3d08,3,0,3.114156788797118e-05
RU-A1249,img_832d322243392162,3,0,0.0005801900406368
RU-A1249,img_d6e27f78ee193563,3,0,0.0072673722170293
RU-A1249,img_e61f116dd51681ff,3,0,2.1873784135095775e-05
RU-A1249,img_9546aaf89a0455f5,3,0,0.1610635668039322
RU-A1249,img_185155d4df457469,3,0,0.596285343170166
RU-A1249,img_1cb5f6d53e3a8b33,3,0,0.5247297286987305
RU-A1249,img_0ae7cbfee133f83c,3,0,0.0051289717666804
RU-A1249,img_642fe0e7d165c178,3,0,5.50838049093727e-05
RU-A1249,img_5835b83d14de1597,3,0,0.0011330700945109
RU-A1249,img_2766115f84e48f1e,3,0,0.0163278225809335
RU-A1249,img_90ee8364aadaabf4,3,0,0.004056544508785
RU-A1261,img_4d532ff4a30f1b1d,4,0,0.0160974338650703
RU-A1261,img_96ef82d877b175d8,4,0,0.0008427530992776
RU-A1261,img_4dec0a11cf25c46c,4,0,0.0089775118976831
RU-A1261,img_2ac460087ac4d9a6,4,0,0.0071985563263297
RU-A1261,img_c756caac4f3f21ad,4,0,0.0055733881890773
RU-A1261,img_e02397584c77be93,4,0,0.0065601887181401
RU-A1261,img_c778bc81bd1af9b3,4,0,0.0701046511530876
RU-A1261,img_ab4bedc9280053c5,4,0,0.0002456768415868
RU-A1261,img_e55076c363183d2d,4,0,0.0048233834095299
RU-A1261,img_33298886c3950740,4,0,0.0610582865774631
RU-A1262,img_87611470e1900181,4,0,0.0335729531943798
RU-A1262,img_580b0a4b6ecd33c3,4,0,0.0257063657045364
RU-A1262,img_83158ddb0e5a8241,4,0,0.0108471885323524
RU-A1262,img_b13c78326ba9486a,4,0,0.0019609201699495
RU-A1262,img_b01d3ae282fb58da,4,0,0.0092976707965135
RU-A1262,img_eefbb63f4ea925d9,4,0,0.0938960239291191
RU-A1262,img_5bc9cb2d7c85da9e,4,0,0.0140109490603208
RU-A1262,img_f8a8e9e8ab9711c2,4,0,0.002140206284821
RU-A1262,img_e2b725f1f16796ab,4,0,0.010359788313508
RU-A1262,img_17e93d9f2120e04a,4,0,0.0280017796903848
RU-A1262,img_b36f5834828ae80c,4,0,0.8712956309318542
RU-A1262,img_6305539ae25abf5c,4,0,6.904501788085327e-05
RU-A1262,img_2fa1d672b01936f4,4,0,0.0002274793077958
RU-A1262,img_fa35e17d957c24e3,4,0,0.207383707165718
RU-A1262,img_1a7d93c2acd38238,4,0,0.164910688996315
RU-A1262,img_fcd0e99a98bc1b86,4,0,0.0105675607919693
RU-A1263,img_435bb1b920c2b3c0,3,0,0.0694852694869041
RU-A1263,img_13e36824ed3fcf2c,3,0,0.949394941329956
RU-A1263,img_e4d495b6697ca6fa,3,0,0.078854963183403
RU-A1263,img_71c88b60bb59150f,3,0,0.000498385168612
RU-A1263,img_e4df8feeaf93931f,3,0,0.0058464501053094
RU-A1263,img_41e79dad42b7e531,3,0,0.0011117571266368
RU-A1263,img_16af28f7a73035be,3,0,0.5032468438148499
RU-A1263,img_0bc8b7231762d070,3,0,0.0151210809126496
RU-A1263,img_c04c71e187796257,3,0,0.6281636953353882
RU-A1263,img_ad7b9a822f641942,3,0,0.6237873435020447
RU-A1263,img_5c6646c5c0b2b525,3,0,6.473562825703993e-05
RU-A1263,img_d52396c560754652,3,0,0.0002143227611668
RU-A1263,img_78967ec170a7f20f,3,0,0.0007492278236895
RU-A1264,img_d41ecf141f9ed473,4,0,0.0576651133596897
RU-A1264,img_56544d9c2f53bb5c,4,0,0.0836980044841766
RU-A1264,img_68dece8e8c6a7cb5,4,0,0.1190686076879501
RU-A1264,img_e5784c2141da2d79,4,0,0.0238976012915372
RU-A1264,img_96ddf5750e709015,4,0,0.0049894982948899
RU-A1264,img_52debfdeecf508e0,4,0,0.3234019875526428
RU-A1264,img_77cc81c2e14c309d,4,0,0.0027723084203898
RU-A1264,img_bc4d5536c9b5ebd2,4,0,0.0104382252320647
RU-A1264,img_fb2037b8046d8d03,4,0,0.0058081070892512
RU-A1264,img_2f53c4dfe2449443,4,0,0.0103441253304481
RU-A1264,img_7b63913e9c2065ef,4,0,0.0107983667403459
RU-A1264,img_f748c0c4cda8f9f0,4,0,0.0023832763545215
RU-A1264,img_afedbe66ee8795f9,4,0,0.7927615642547607
RU-A1264,img_09570056f18a001a,4,0,0.0344341844320297
RU-A1264,img_2079564b2c395391,4,0,0.1405595541000366
RU-A1265,img_10f15d007c102249,0,0,0.0607110783457756
RU-A1265,img_5d1912d36452ad5b,0,0,0.2493572682142257
RU-A1265,img_43cb32be54330ffa,0,0,0.0257875565439462
RU-A1265,img_7da36c28b8c49106,0,0,0.0012159129837527
RU-A1265,img_712828c6f477cdaa,0,0,0.0940190255641937
RU-A1265,img_f11494e41a6f2a1a,0,0,0.0508452653884887
RU-A1265,img_05f2559b11f26c43,0,0,0.0027763633988797
RU-A1265,img_554666e285f7bcab,0,0,0.0020264100749045
RU-A1265,img_f797c8bee425afe5,0,0,0.0113347228616476
RU-A1265,img_9f39165321d89620,0,0,0.0727523267269134
RU-A1265,img_2ec793bdb8390354,0,0,0.141280248761177
RU-A1266,img_3b199f5479f5e708,1,0,0.0205508340150117
RU-A1266,img_f3c0b7ba0ef3e96c,1,0,0.814434826374054
RU-A1266,img_c21a88b247fc1f3d,1,0,0.0257377680391073
RU-A1266,img_57f7445f0cf6650d,1,0,0.0001261600846191
RU-A1266,img_c052758e10d08ea2,1,0,0.0035326262004673
RU-A1266,img_69799231ecd36e9e,1,0,0.0544306188821792
RU-A1266,img_574b24d0c55da5c0,1,0,0.0010994150070473
RU-A1266,img_b9ab14e677e3c89f,1,0,0.1707221120595932
RU-A1266,img_ac42bb0a66c32570,1,0,0.2805188000202179
RU-A1266,img_bf44ab2193b82226,1,0,0.0043392032384872
RU-A1267,img_c07902678e21aed4,2,0,0.0064169652760028
RU-A1267,img_96d2d704da38617e,2,0,0.0166947245597839
RU-A1267,img_386f3d1e924505aa,2,0,0.0433470085263252
RU-A1267,img_7e5da01a35961959,2,0,0.0178186353296041
RU-A1267,img_9bf96e69112986c0,2,0,0.0139574278146028
RU-A1267,img_c951dc1406810728,2,0,0.0127881346270442
RU-A1267,img_3147f3df2fa54267,2,0,0.0040735718794167
RU-A1267,img_6ed5e70f2691a2bf,2,0,0.003302393713966
RU-A1281,img_5681b621569404b7,3,0,0.0016133115859702
RU-A1281,img_4d5280a2796e5bce,3,0,0.0173725858330726
RU-A1281,img_7c2be3071cf09aa1,3,0,0.0337152294814586
RU-A1281,img_441d70d398400073,3,0,0.0538587719202041
RU-A1282,img_126a321f1ae72efb,2,0,0.2192464023828506
RU-A1282,img_60947e291a8b9bea,2,0,0.1522734761238098
RU-A1282,img_1e157f7f42fc7104,2,0,0.0007209482137113
RU-A1282,img_e33f58c7b5560dd1,2,0,0.8875892758369446
RU-A1282,img_0ae1126300fbef17,2,0,0.0061023603193461
RU-A1283,img_90931af35314ff57,4,0,0.0030027921311557
RU-A1283,img_1b1046ec19054957,4,0,0.0644070133566856
RU-A1283,img_f1d586723e634ff2,4,0,0.000269877637038
RU-A1283,img_4c70a13a011f3fed,4,0,0.0056486264802515
RU-A1283,img_1cb01ac428a049a0,4,0,0.0859785974025726
RU-A1283,img_e411ad72db1e8a5e,4,0,0.0502741821110248
RU-A1283,img_038276bc6d2092c1,4,0,0.0003821299178525
RU-A1283,img_e0046de3c4126082,4,0,0.0065854019485414
RU-A1284,img_6d7e86413ed22da8,1,0,0.0024428961332887
RU-A1284,img_d4c14ba96b63b6a7,1,0,0.943506121635437
RU-A1284,img_de54de68ae83291b,1,0,0.8493425250053406
RU-A1284,img_295fe1dbcba92133,1,0,0.3613198399543762
RU-A1284,img_48cbf31138f223f7,1,0,0.0143873570486903
RU-A1284,img_296ce221b4ba9796,1,0,0.0297487899661064
RU-A1254,img_6db0451b2a52b97b,3,0,0.004170527216047
RU-A1254,img_0029c917365e1fc2,3,0,0.0002725417434703
RU-A1254,img_786d30eaded81206,3,0,0.0171515140682458
RU-A1254,img_b0df02bfeab88770,3,0,0.00398401170969
RU-A1254,img_f5d2f09f5742ac00,3,0,0.0022336437832564
RU-A1254,img_daa0c0d92c2bc038,3,0,0.0014275658177211
RU-A1254,img_f07d484a84acbf9f,3,0,0.004736864939332
RU-A1254,img_841af76668982227,3,0,0.3256751000881195
RU-A1254,img_31777401523307d2,3,0,0.0006196767790243
RU-A1255,img_7adff320b0f7ce16,1,0,0.0010539902141317
RU-A1255,img_7d8e19e08b079aa4,1,0,0.0596147440373897
RU-A1255,img_fa8c2bc92c8094a7,1,0,0.1474349498748779
RU-A1255,img_3a736480ba50d7a9,1,0,0.0832036510109901
RU-A1255,img_bf3a707d3399e367,1,0,0.0017807276453822
RU-A1255,img_41793197ca0c0dbc,1,0,0.0146561181172728
RU-A1255,img_3b08414ccac54a6d,1,0,0.0699341222643852
RU-A1255,img_fbeee2a1f129308b,1,0,0.0136848408728837
RU-A1255,img_b7b89aa8804fbde0,1,0,0.0378739833831787
RU-A1255,img_422923663fdc9ba0,1,0,0.0366629101336002
RU-A1255,img_b80679293c2b4a95,1,0,0.0004943691892549
RU-A1255,img_cfc991d3f5b27c44,1,0,0.000273236684734
RU-A1255,img_9331c4ea8c2f020a,1,0,0.7684711217880249
RU-A1255,img_7cf89598384c241c,1,0,0.0950457379221916
RU-A1255,img_ea55bab1c168f1d1,1,0,0.0038916044868528
RU-A1255,img_7a2ea4b0d78b7c04,1,0,0.0866767764091491
RU-A1255,img_9e770a55aa40fa56,1,0,0.031152319163084
RU-A1255,img_94490129aba162b6,1,0,0.2230715304613113
RU-A1307,img_c9e2ff1e6ddc255a,4,0,0.4067399203777313
RU-A1310,img_fafa1fc6e321f0b6,4,0,0.009429195895791
RU-A1311,img_08ed0b3a342f522e,2,0,0.0071751652285456
RU-A1311,img_8cc4828d0705a470,2,0,0.0141654917970299
RU-A1257,img_bd693bd3cc9443db,0,0,0.0459456332027912
RU-A1257,img_a2faf2485e4df2fe,0,0,0.3436904549598694
RU-A1257,img_722bb9beea1351af,0,0,0.0306034423410892
RU-A1257,img_6cdb547b4ae1b3e0,0,0,0.0005129140336066
RU-A1257,img_2c1847999f9b6bee,0,0,0.0099108293652534
RU-A1258,img_1bce2d1bb80d1b15,0,0,0.0451782569289207
RU-A1258,img_a98c7c182dddd7a9,0,0,0.0017919408855959
RU-A1258,img_bc9bebcaabc4b4e6,0,0,0.0012002096045762
RU-A1258,img_3f96a5cf5d582b40,0,0,0.0003106424410361
RU-A1258,img_68ba5dcc591d5496,0,0,0.0014023879775777
RU-A1259,img_c29a6904d92cb9a5,3,0,0.0422918312251567
RU-A1259,img_aceb4ef362e1e91e,3,0,0.0002399443183094
RU-A1259,img_32af93b61b70edae,3,0,3.5062581446254626e-05
RU-A1260,img_176bf43c2512ed7c,0,0,0.0130797494202852
RU-A1260,img_e127946ef82622dc,0,0,0.0853573530912399
RU-A1029,img_a59270bf978b4f28,4,0,0.9966385364532472
RU-A1029,img_cbaaeffb0a2fa9c7,4,0,0.8091458082199097
RU-A1029,img_45de95c58e53f6f5,4,0,0.0436120890080928
RU-A1029,img_10b0ff6b9e59c24a,4,0,0.9832022786140442
RU-A1029,img_8ea37478a27704d5,4,0,0.211357831954956
RU-A1029,img_cf5331c430e351ff,4,0,0.3246533274650574
RU-A1029,img_a0f722bcc9b5d181,4,0,0.032989002764225
RU-A1029,img_2aa980575247473f,4,0,0.0094487955793738
RU-A1029,img_1d2b77e3c5c741e4,4,0,0.020928468555212
RU-A1029,img_7c8e644ddb74c6af,4,0,0.0012670337455347
RU-A1035,img_07662a200c884763,4,0,0.4732362329959869
RU-A1035,img_a5d7e95b2220ae15,4,0,0.0001126686984207
RU-A1035,img_9c87a786a6c51385,4,0,0.001132751815021
RU-A1035,img_e3518cf42e7f0377,4,0,0.9988036155700684
RU-A1035,img_0ca8739ce1681737,4,0,0.0019461520714685
RU-A1035,img_73b4a5124acd24f7,4,0,0.8220214247703552
RU-A1035,img_81426fbd071686d1,4,0,0.1794352531433105
RU-A1035,img_dfb1298d64e2f6c3,4,0,0.3749718368053436
RU-A1035,img_6882e27a3cc0492d,4,0,0.6660456657409668
RU-A1062,img_8b77de6538d7c268,2,1,0.026420958340168
RU-A1062,img_f89bd7b5f65a748b,2,1,0.4014763236045837
RU-A1062,img_86b8cddbc2f05869,2,1,0.1186961904168129
RU-A1062,img_98737b16c9d5ae41,2,1,0.0077291531488299
RU-A1062,img_ce72f599bbe253a2,2,1,0.0093661835417151
RU-A1049,img_5702d003d4551f52,1,0,0.0421224199235439
RU-A1049,img_24b95ce87133ca94,1,0,0.0371141284704208
RU-A1049,img_5bbb94cda3ca2b60,1,0,0.7888956069946289
RU-A1049,img_4410d7d69d258e02,1,0,0.1441509425640106
RU-A1049,img_86c4da80b53ebc7f,1,0,0.0006813556537963
RU-A1049,img_81ab961e34428f1b,1,0,0.00130743579939
RU-A1049,img_2c0b605a10609045,1,0,0.6188903450965881
RU-A1049,img_5bc663c3ba394ed5,1,0,0.0035807956010103
RU-A1070,img_99219f40d4982bdc,4,0,0.0318873524665832
RU-A1070,img_8ed52e1fbbe8fbad,4,0,0.8055384159088135
RU-A1070,img_cfe0392c18f20b4c,4,0,0.0041000475175678
RU-A1070,img_4de0b9a8fb2341af,4,0,0.9851433634757996
RU-A1070,img_cc8d82d435fcb38f,4,0,0.0090443333610892
RU-A1070,img_41cf13ddbab33b30,4,0,0.0010349772637709
RU-A1070,img_a98e0b9201591757,4,0,0.6477156281471252
RU-A1070,img_7a4202d66734711a,4,0,0.1423842161893844
RU-A1070,img_8e00b4d3b907f9a1,4,0,0.7616119384765625
RU-A1070,img_3910e107371c5c1d,4,0,0.4235188066959381
RU-A1070,img_36d570b715abe2cf,4,0,0.9842289686203004
RU-A1070,img_2b82e2954907adb7,4,0,0.3494744598865509
RU-A1070,img_029b8155d2996a2d,4,0,0.983758807182312
RU-A1014,img_b7fd217f492669be,0,0,0.0628445819020271
RU-A1014,img_243a28a22bcad735,0,0,0.0192106049507856
RU-A1014,img_4205c8a17dc083d0,0,0,0.0172095336019992
RU-A1014,img_08a093b0b6bfacd1,0,0,0.119488701224327
RU-A1014,img_e0ed042ba9dfe5bc,0,0,0.0494640134274959
RU-A1014,img_ee28412dd20e7433,0,0,0.0221381094306707
RU-A1014,img_378230eb1e4644ea,0,0,0.0070779924280941
RU-A1014,img_2972d18fd4a5a639,0,0,0.0671379417181015
RU-A1030,img_e318729967b0d6e4,1,0,0.1916123926639557
RU-A1030,img_fc6f932492bcca37,1,0,0.1026065126061439
RU-A1030,img_752c6a597b974eef,1,0,0.0468222424387931
RU-A1030,img_a20cb02f1f418dc8,1,0,0.0287741627544164
RU-A1030,img_168adee19bd456d7,1,0,0.6203739047050476
RU-A1030,img_af631739e2896920,1,0,0.1415867805480957
RU-A1176,img_6feb2fbcb8104e80,4,0,0.0013227829476818
RU-A1176,img_6ca1fce1c76a3194,4,0,0.7216891050338745
RU-A1176,img_73c8102a513b3074,4,0,0.2119399607181549
RU-A1176,img_9b8145e65c59b2f1,4,0,0.0040054391138255
RU-A1176,img_519bcd4d0ffd8b3d,4,0,0.001240850193426
RU-A1176,img_e8cfd5871f08c6c1,4,0,0.0062564075924456
RU-A1176,img_add9a7b87125e384,4,0,0.9843270182609558
RU-A1176,img_7b4674150ac80688,4,0,0.3147557973861694
RU-A1176,img_f1a60a1610a2f766,4,0,0.0028339764103293
RU-A1176,img_526ea7765367a007,4,0,0.0006040183943696
RU-A1176,img_c7f30ee45bf9c21f,4,0,0.023179680109024
RU-A1176,img_03589d634b519e82,4,0,0.4955407977104187
RU-A1176,img_021540ca1a125521,4,0,0.0630497112870216
RU-A1101,img_dcea5796d4290790,4,0,0.0005624326295219
RU-A1101,img_e9396331d6b48870,4,0,0.1415846645832061
RU-A1101,img_761c3e9062915145,4,0,0.7834420204162598
RU-A1101,img_04937464a87c0687,4,0,0.0164083857089281
RU-A1101,img_e21b7fb579ccece7,4,0,0.0345328003168106
RU-A1101,img_cd21a0df0015f837,4,0,0.0074762874282896
RU-A1101,img_9491b6ea1be38add,4,0,0.0005499015096575
RU-A1101,img_7ed12e06505cca3b,4,0,0.0183978639543056
RU-A1103,img_616b7ce83bc021f5,0,0,0.0050693610683083
RU-A1103,img_4155e5631e07914d,0,0,0.008076325058937
RU-A1103,img_e6f009da5b786caa,0,0,0.0977275818586349
RU-A1103,img_590b98f04e1293b3,0,0,0.0455633327364921
RU-A1103,img_c356e04f4ee01b06,0,0,0.0219870060682296
RU-A1103,img_1c10ca4559bdbaec,0,0,0.0164182242006063
RU-A1106,img_555aea34eb4c352b,3,1,0.1331816613674163
RU-A1106,img_d48348adfae4ecfb,3,1,0.0104060983285307
RU-A1106,img_51dc5a7babb6cd31,3,1,0.0029011305887252
RU-A1106,img_f59084c5355f3e52,3,1,0.0131763629615306
RU-A1106,img_690ee7c4bed45e4d,3,1,0.0002238188753835
RU-A1106,img_431e3fdf60d452e3,3,1,0.0077023711055517
RU-A1105,img_f3b256fb0918c217,4,0,0.0007431444828398
RU-A1105,img_29dd4b22b824ef5f,4,0,0.0116140767931938
RU-A1105,img_e5113528e35b8fbf,4,0,0.3995430171489715
RU-A1105,img_c70220afb9c96237,4,0,0.0013383016921579
RU-A1105,img_5b9e55ccd91af295,4,0,0.017959201708436
RU-A1109,img_ef7705c3ec6ee72c,1,0,0.0033093949314206
RU-A1109,img_06dffd3d599422da,1,0,0.1151576861739158
RU-A1110,img_8d699c8bfe2c57aa,3,0,0.0015725287375971
RU-A1110,img_770fde7011cce9e0,3,0,0.0004849380056839
RU-A1110,img_aea9f0a7a37f2de9,3,0,0.0122569259256124
RU-A1110,img_4e532e607af516b4,3,0,0.0031981433276087
RU-A1110,img_1ce0cce7e53305a4,3,0,0.0015462058363482
RU-A1110,img_43ccc116d14f8976,3,0,0.001916438806802
RU-A1110,img_e1e9da934b47e9c3,3,0,0.0633071511983871
RU-A1110,img_66becbf13127631e,3,0,0.4668069183826446
RU-A1112,img_5c209eebeea13e34,4,0,0.0023785310331732
RU-A1112,img_324640a4cc50e289,4,0,0.0052217449992895
RU-A1112,img_5f4a19163e356353,4,0,0.0001684918242972
RU-A1112,img_f4b94e2de8fda5c5,4,0,0.5838397145271301
RU-A1112,img_d595398a0b43227c,4,0,0.0013248154427856
RU-A1112,img_46a908577adb4d80,4,0,0.0421008579432964
RU-A1112,img_32500cab741f7928,4,0,0.1143112778663635
RU-A1112,img_a3b79b281c282130,4,0,0.1212385892868042
RU-A1112,img_dbd586ff89d05cc3,4,0,0.0192082226276397
RU-A1112,img_ce31f4346eee12ba,4,0,0.0009808918694034
RU-A1113,img_81545798247861e3,3,0,0.043110404163599
RU-A1113,img_83eebaa0fe2b23a3,3,0,0.0192721616476774
RU-A1113,img_7d8692dc4f423426,3,0,0.003690039506182
RU-A1113,img_4497ed4c430ab50d,3,0,0.0023680448066443
RU-A1113,img_c8241e8a9c76f030,3,0,0.6862499117851257
RU-A1113,img_93d5fe4493299f43,3,0,0.0082174036651849
RU-A1113,img_17c965d21e14d7b5,3,0,0.000816376239527
RU-A1113,img_8251bcf95910a355,3,0,0.5540399551391602
RU-A1113,img_06c96ec4750b2798,3,0,0.0029261263553053
RU-A1113,img_c37472874370125b,3,0,0.0242404304444789
RU-A1114,img_9c1bc864d2861011,2,0,0.0726087316870689
RU-A1114,img_b8a057013c6fcb88,2,0,0.0012123081833124
RU-A1114,img_856564eeb3fdfc3a,2,0,0.0088931741192936
RU-A1114,img_12b5411be673e7d2,2,0,0.006145435385406
RU-A1114,img_4bde88354d631376,2,0,0.0014482118422165
RU-A1114,img_0efb88261ba2eaa7,2,0,0.0220389105379581
RU-A1114,img_f42ca7df1c6ee535,2,0,0.0208703186362981
RU-A1114,img_bf2c964191654d10,2,0,0.002855191938579
RU-A1114,img_4ba35bc2f0005d01,2,0,0.0433726795017719
RU-A1114,img_6c7f17eeaaf5f639,2,0,0.0065295938402414
RU-A1114,img_42454a91ee122063,2,0,0.0051412563771009
RU-A1114,img_a5beed1f0473a7f2,2,0,0.0313491523265838
RU-A1114,img_62a013af6125554b,2,0,0.007495226804167
RU-A1114,img_1c78563367e208dd,2,0,0.0041498010978102
RU-A1115,img_86f7ed45c6b619fb,3,0,0.0027141254395246
RU-A1115,img_f7d3462ed61f9e21,3,0,1.646665987209417e-05
RU-A1115,img_1558bfe5425d4834,3,0,1.7391595974913798e-05
RU-A1115,img_5f64eeec29fdf77a,3,0,1.2777952179021668e-05
RU-A1115,img_c42e0575995e3414,3,0,0.0065344953909516
RU-A1115,img_7b56c833418ba4ce,3,0,0.065056025981903
RU-A1115,img_d972b095642f83e6,3,0,0.0331573896110057
RU-A1115,img_d053abaca0be7d75,3,0,0.0324286147952079
RU-A1115,img_db968cd663e58950,3,0,0.0089051434770226
RU-A1116,img_7249710cc56390b8,0,0,0.0002409268199698
RU-A1116,img_489b92cf9da7b899,0,0,0.4426822960376739
RU-A1116,img_983850c8a173d5ea,0,0,0.0117974327877163
RU-A1116,img_278e37e7c00b8062,0,0,0.0030399225652217
RU-A1116,img_7442a4d4d55add5a,0,0,0.0037351977080106
RU-A1116,img_90fd74574f03849c,0,0,0.1635245084762573
RU-A1116,img_6652d90345487e1b,0,0,0.0052665141411125
RU-A1116,img_42ca0ca526b1c38d,0,0,0.0046894429251551
RU-A1117,img_380eca76a7f2c0e9,3,0,0.0297579877078533
RU-A1117,img_d249fefe288d992e,3,0,0.9128898978233336
RU-A1117,img_9e9b3786db6f6dd5,3,0,6.302679685177281e-05
RU-A1117,img_331e26c1f269a60f,3,0,0.0001743781322147
RU-A1117,img_18f602e5c83cc6e5,3,0,0.0050436686724424
RU-A1117,img_d8ae47d363c75ccf,3,0,0.1248160526156425
RU-A1117,img_81f412eac5920807,3,0,0.2307911664247512
RU-A1117,img_8d76f0e895b8925e,3,0,0.0540174953639507
RU-A1117,img_b5260b0411b95dd2,3,0,0.0100140608847141
RU-A1117,img_dd3ab5a748aa101a,3,0,0.3125017881393432
RU-A1118,img_531023cb78692c48,4,0,0.2561422288417816
RU-A1118,img_3d70ac44a0065636,4,0,0.00379049917683
RU-A1119,img_329bcc31f982c6c0,3,0,0.4482177197933197
RU-A1119,img_70b76e4f66451f3a,3,0,0.1694240272045135
RU-A1119,img_f4ae632538cfd282,3,0,0.293463796377182
RU-A1119,img_bd38cc2ce0ba15c2,3,0,0.0052332701161503
RU-A1119,img_ecbe5678d22cdd68,3,0,0.0006328940507955
RU-A1119,img_e536929b3dc3f8a8,3,0,0.0077779004350304
RU-A1119,img_bace80cbf8ae6c93,3,0,0.0007438529864884
RU-A1119,img_9f530f6df1bb35c9,3,0,0.0371943525969982
RU-A1120,img_13c7a8ba405febaa,1,0,0.0001579386007506
RU-A1120,img_194708e413c65cd7,1,0,0.0162168610841035
RU-A1120,img_36e48b9d7c37f7f0,1,0,0.0638100728392601
RU-A1120,img_f7d32c336fb59933,1,0,0.0220993887633085
RU-A1120,img_748f6d1f94199f46,1,0,0.0015617306344211
RU-A1120,img_b8841e3e27fb600e,1,0,0.0125249223783612
RU-A1120,img_8917b601ec5128b7,1,0,0.0123473992571234
RU-A1120,img_cb7b027b3f76c42f,1,0,0.0027874978259205
RU-A1120,img_d847a190a0bc9dc7,1,0,6.274381303228438e-05
RU-A1120,img_b7f318f6e13c0ac6,1,0,0.0072127948515117
RU-A1122,img_2f13a9405f43f1a4,3,0,0.0132810128852725
RU-A1122,img_38a71ef66c1639f1,3,0,0.2505460679531097
RU-A1122,img_bbeacbf69189e69b,3,0,0.0005538597470149
RU-A1122,img_d955981b08f0003e,3,0,0.0001705325848888
RU-A1122,img_fa00dbf4034971f1,3,0,0.0009335872018709
RU-A1122,img_ebde33d9267c4401,3,0,0.1031747534871101
RU-A1122,img_03c85c49b285d237,3,0,8.811340376269072e-05
RU-A1123,img_48e78da151411010,2,0,0.0016239933902397
RU-A1123,img_96fffe0ba684cc01,2,0,0.0411408357322216
RU-A1123,img_34a231543b13ce9b,2,0,0.7789368629455566
RU-A1123,img_fef819158c99a2e0,2,0,0.0195140149444341
RU-A1123,img_4af9d8b6cc486f29,2,0,0.8354617357254028
RU-A1123,img_378e4df6a1974f35,2,0,0.0041501238010823
RU-A1123,img_c51cf12bc64991a4,2,0,0.0044411611743271
RU-A1123,img_831affe0f424c5d5,2,0,0.0483442284166812
RU-A1125,img_cb109a106ad90310,2,0,0.0068261199630796
RU-A1125,img_16f7742b8bce48df,2,0,0.0201855860650539
RU-A1125,img_b4a405eacc070080,2,0,0.03198679164052
RU-A1125,img_934a4e0710c7e02c,2,0,0.0162707641720771
RU-A1125,img_6bf03efc4bfc926a,2,0,0.0215405728667974
RU-A1125,img_11edb7fdf3e2b7a4,2,0,0.1927446275949478
RU-A1271,img_fa1af5457947898a,1,0,0.4087302386760711
RU-A1271,img_e3059ed210e206a4,1,0,0.2261589914560318
RU-A1271,img_850d3a952f0c2271,1,0,0.0824707150459289
RU-A1271,img_eaa747a00163de84,1,0,0.0484200455248355
RU-A1275,img_e5a6d3417692a3a1,0,1,0.7133777737617493
RU-A1275,img_50101e662954d546,0,1,0.017665009945631
RU-A1041,img_d82e55e9a58f6968,4,1,0.960757613182068
RU-A1041,img_bfaa4b66790d4e69,4,1,0.3535625636577606
RU-A1041,img_b1ab3ada92a2bcf5,4,1,0.9984509944915771
RU-A1041,img_58c5d0c382bb7051,4,1,0.9993541836738586
RU-A1041,img_46e1ed339b9d2b58,4,1,0.6725654602050781
RU-A1041,img_9904628cd5247f36,4,1,0.7226456999778748
RU-A1041,img_21db5173dedc6207,4,1,0.910297393798828
RU-A1041,img_c0a27d8f08881b4c,4,1,0.7587653994560242
RU-A1041,img_4b0a723cd14a349f,4,1,0.0020887868013232
RU-A1041,img_b1ff00b29c6daa6f,4,1,0.9996020197868348
RU-A1041,img_74ebd8fe4797e5d3,4,1,0.1378983706235885
RU-A1041,img_09b64a5b590a4f29,4,1,0.3605288565158844
RU-A1041,img_5366a96fa0763832,4,1,0.0671549215912818
RU-A1042,img_5eddcd93400acd81,2,1,0.0387783162295818
RU-A1042,img_d232956663679119,2,1,0.0410293713212013
RU-A1042,img_71ab3f0a41fa9045,2,1,0.0555069707334041
RU-A1042,img_b143c3d4151cdb47,2,1,0.0122835272923111
RU-A1042,img_b02fe1bfb76cb082,2,1,0.3908810317516327
RU-A1042,img_1bed3d095e45b90b,2,1,0.1333998292684555
RU-A1042,img_c343a8b4ee103e99,2,1,0.8174957633018494
RU-A1042,img_9dbb6c356db47f9b,2,1,0.3528184592723846
RU-A1042,img_f372ae4f2d8c6063,2,1,0.1670823097229004
RU-A1042,img_554c7e76918a974f,2,1,0.5010955929756165
RU-A1042,img_988e5519ec119ade,2,1,0.0049339449033141
RU-A1042,img_20a199898f1c86f9,2,1,0.5622004866600037
RU-A1042,img_69cc312224b15bab,2,1,0.1955587863922119
RU-A1042,img_02a6eb7fac9c7686,2,1,0.0400334075093269
RU-A1042,img_e843208d4b2bbad7,2,1,0.9790433645248412
RU-A1042,img_dab4b2a209450d02,2,1,0.2107552736997604
RU-A1042,img_19a4478223f60831,2,1,0.6087695360183716
RU-A1042,img_d560c43135f7c272,2,1,0.0718904137611389
RU-A1042,img_876d70a65ad1c03f,2,1,0.0924941152334213
RU-A1042,img_945912ac1185f172,2,1,0.0213534049689769
RU-A1042,img_8e3200f356650877,2,1,0.1086861416697502
RU-A1042,img_00542949b0d86be0,2,1,0.7300373911857605
RU-A1042,img_a349b3bddd69fde5,2,1,0.2820638120174408
RU-A1042,img_53fc03c2ba2abc29,2,1,0.1240367218852043
RU-A1042,img_8f2bcc3d99ce9861,2,1,0.1365474760532379
RU-A1042,img_520a3f1423af5c0a,2,1,0.0910164415836334
RU-A1042,img_ce3cbb727fa80674,2,1,0.0256860349327325
RU-A1042,img_1eb060ffbb3430f0,2,1,0.6653013229370117
RU-A1042,img_b9b1a07923d91e00,2,1,0.3337839841842651
RU-A1042,img_99619772fef9648d,2,1,0.3100194931030273
RU-A1268,img_0b6be21b2c8adf60,4,0,0.0215556807816028
RU-A1268,img_999123a256378ff6,4,0,0.0147727560251951
RU-A1268,img_b0e652e80d0fda11,4,0,0.9889963865280152
RU-A1268,img_8ef0681eb1767cba,4,0,0.9936006665229796
RU-A1269,img_53bdca4579facd9f,1,0,0.0031005232594907
RU-A1269,img_7fa7541c3dc50958,1,0,0.0153136346489191
RU-A1269,img_6497017f19a57c8e,1,0,0.2192924320697784
RU-A1269,img_dddb4282c038f4e7,1,0,0.0418864376842975
RU-A1269,img_846da65f7229aafd,1,0,0.0499272048473358
RU-A1269,img_19feac3fa6303e5c,1,0,0.0243648272007703
RU-A1269,img_b13e8c326521c5b0,1,0,0.0316651538014411
RU-A1269,img_da8be6dc495eac09,1,0,0.0017272791592404
RU-A1269,img_5c1add6fa79b2f2e,1,0,0.0295688565820455
RU-A1270,img_38bcdb04f0369ee3,4,0,0.493913859128952
RU-A1270,img_b47ad406a51ac3e2,4,0,0.0309464987367391
RU-A1270,img_d08a7ea7742b7027,4,0,0.1568012237548828
RU-A1270,img_e6a6d010a3e3db9c,4,0,0.0055777444504201
RU-A1270,img_0b880a3ca91f71f0,4,0,0.0011702484916895
RU-A1270,img_1bb3898256440551,4,0,0.0007476138998754
RU-A1270,img_cfb44ad1ce5674fb,4,0,0.0009109529783017
RU-A1270,img_f28cd596755b47bf,4,0,0.240024596452713
RU-A1270,img_7acf74e376230a9d,4,0,0.0002352607116336
RU-A1270,img_b595bd481aad4e81,4,0,0.0701208710670471
RU-A1270,img_68732bb99c35c284,4,0,0.210722878575325
RU-A1272,img_a89cbffb5959cba3,1,0,0.0727574229240417
RU-A1272,img_fd95b5355de8ddf2,1,0,0.0279413349926471
RU-A1272,img_f32eb5bd572c5ccc,1,0,0.6439790725708008
RU-A1272,img_58a094770584a1f0,1,0,0.0411840192973613
RU-A1272,img_cd54c717438aa89e,1,0,0.0076452912762761
RU-A1272,img_009e12e72c7bd70a,1,0,0.0148702198639512
RU-A1272,img_99da1b711ff43799,1,0,0.0115141924470663
RU-A1273,img_4960024d1efe15d4,4,0,0.0099925193935632
RU-A1273,img_5f64ef5c7defeff6,4,0,0.183994323015213
RU-A1273,img_b371e91f5cbddbe4,4,0,0.0027401037514209
RU-A1273,img_80db10a8bb01823c,4,0,0.0107853794470429
RU-A1273,img_29e94b4da5c96aec,4,0,0.1248319298028945
RU-A1273,img_157591b87a633ace,4,0,0.0023482618853449
RU-A1273,img_0c731df55c4b55ad,4,0,0.0411797612905502
RU-A1273,img_e35b1976380244a5,4,0,0.0834510996937751
RU-A1273,img_e6476888feef1d98,4,0,6.858147389721125e-05
RU-A1273,img_2ffb6aa16ba020f3,4,0,0.0055589554831385
RU-A1273,img_751dae15f4d5f0ff,4,0,0.0063571906648576
RU-A1273,img_72bdd076528bd9da,4,0,0.0039206864312291
RU-A1273,img_1e516943dcac3a12,4,0,0.0089839762076735
RU-A1274,img_d7370df4186b642e,1,0,0.0004187319718766
RU-A1274,img_b08f1df3664d1dfe,1,0,0.0995429456233978
RU-A1274,img_7da0285a7c37274d,1,0,0.4775199294090271
RU-A1274,img_1333002e933acc0a,1,0,0.0013645567232742
RU-A1274,img_d94d45633521532d,1,0,0.1423960030078888
RU-A1274,img_cd7cceac77759855,1,0,0.9696374535560608
RU-A1274,img_b87b84242a4e780c,1,0,0.0027728332206606
RU-A1274,img_2d7530912a1e94b6,1,0,0.0023045286070555
RU-A1274,img_6cb56da06b7fa47d,1,0,0.1594507694244384
RU-A1274,img_7353c185f84d51c1,1,0,0.0036877440288662
RU-A1274,img_b95451f1772104fc,1,0,0.0033436024095863
RU-A1274,img_64cbc49db4dd4f0c,1,0,0.0083943409845232
RU-A1274,img_f8a7b0313db911da,1,0,0.126075729727745
RU-A1276,img_30be5c94543ef28a,0,0,0.1454542279243469
RU-A1276,img_dc345c72b5d861ee,0,0,0.0772391036152839
RU-A1276,img_5e51e07f891ff79b,0,0,0.0235425755381584
RU-A1276,img_791186871b0855a1,0,0,0.041426733136177
RU-A1276,img_c3f33b11de8c1069,0,0,0.0135944653302431
RU-A1276,img_ccc77c3040da15f4,0,0,0.0025679373648017
RU-A1276,img_452004518187fb25,0,0,0.0065994928590953
RU-A1276,img_a19805f48f0b78a8,0,0,0.0011966461315751
RU-A1276,img_7e12ca5cfe3214db,0,0,0.3681139349937439
RU-A1276,img_172c6d4ca33024d4,0,0,0.0057949852198362
RU-A1278,img_7b0c1feab3789d06,0,0,0.106406070291996
RU-A1278,img_b13ba42334b2c33f,0,0,0.0580326803028583
RU-A1278,img_5e4d8ff7319727a3,0,0,0.0087369503453373
RU-A1278,img_cd66e314ac9d533a,0,0,0.0072332564741373
RU-A1278,img_1c9c6656b55836b2,0,0,0.0082884179428219
RU-A1278,img_f8c0ba76c228838d,0,0,0.0020627127960324
RU-A1278,img_3f927ebd903d78cc,0,0,0.2573943436145782
RU-A1278,img_2d05b921545955a8,0,0,0.1361995041370391
RU-A1277,img_1cc46aadf06684bb,1,0,0.0012031901860609
RU-A1277,img_cffdb8567fdbd8da,1,0,0.0212638191878795
RU-A1277,img_0bdbae9c9ebe13bb,1,0,0.6093745827674866
RU-A1277,img_f6d96fcb13adcff1,1,0,0.0358251258730888
RU-A1277,img_800257b72e9a323e,1,0,0.0133583769202232
RU-A1277,img_5692a857373db6d3,1,0,0.0234688501805067
RU-A1277,img_8b01163fd8b9143c,1,0,0.0061668609268963
RU-A1277,img_38f35a327c2c6879,1,0,0.0169737432152032
RU-A1277,img_0204a604cf94463f,1,0,0.054592166095972
RU-A1277,img_e215b1a8315f0fad,1,0,0.0929315090179443
RU-A1279,img_6c0fff5f049b2b29,0,0,0.0376614779233932
RU-A1279,img_170a2bf02e802dec,0,0,0.5763589143753052
RU-A1279,img_9f65a646d7920afe,0,0,0.0571497566998004
RU-A1279,img_cc612087bfbdfb21,0,0,0.2726089656352997
RU-A1279,img_e47bf20e2498bbb2,0,0,0.0020291137043386
RU-A1279,img_a958b94475775659,0,0,0.0388075746595859
RU-A1279,img_b0d54d149682f24f,0,0,0.0111518446356058
RU-A1279,img_c04a30c4bca27998,0,0,0.000566147500649
RU-A1279,img_610fae3889048ea7,0,0,0.0024615637958049
RU-A1279,img_053de2cb7a4ec9d7,0,0,0.0388144813477993
RU-A1279,img_abcbb6eb9987d2b6,0,0,0.2024081647396087
RU-A1279,img_a6f941549a6c8f2e,0,0,0.0048315050080418
RU-A1279,img_cb3935ccbe629951,0,0,0.0142024494707584
RU-A1279,img_2f64cb764a5de351,0,0,0.1602977365255355
RU-A1279,img_ed64e55e0f79157b,0,0,0.0907764285802841
RU-A1280,img_4d999ea619b50da9,3,0,0.5489674210548401
RU-A1280,img_31b3098fe97093c7,3,0,0.0838364884257316
RU-A1064,img_a6851a225117fbcb,3,0,0.7179872393608093
RU-A1064,img_5e264bf4434b6b57,3,0,0.0165793653577566
RU-A1064,img_382757dc5d78fb3d,3,0,0.0108437053859233
RU-A1064,img_866e490de3e581e8,3,0,0.6064682602882385
RU-A1064,img_688f3feafcfa3581,3,0,0.1407164931297302
RU-A1064,img_12c8b71b4b82a5e0,3,0,0.0427998006343841
RU-A1064,img_a93131233f27a9bc,3,0,0.0632912144064903
RU-A1064,img_c9bf059ca78e1cb8,3,0,0.04484349116683
RU-A1064,img_a32381596d29ef4b,3,0,0.0062956502661108
RU-A1064,img_262a93c6b5986f9c,3,0,0.4495409429073334
RU-A1156,img_a8349e23f0ed1385,4,1,0.6592112183570862
RU-A1156,img_f7d59d3e11e249be,4,1,0.7993364930152893
RU-A1156,img_d276e46e44b0e906,4,1,0.978895664215088
RU-A1156,img_aa1ec292c8744393,4,1,0.0002225383068434
RU-A1156,img_19c1a02ee99cad87,4,1,0.4490055441856384
RU-A1156,img_64a8e707014c0c84,4,1,0.1629101634025573
RU-A1156,img_d6d72ef0821da24a,4,1,0.1785718649625778
RU-A1156,img_2986dbe2ffa0dbed,4,1,0.0007197406957857
RU-A1156,img_f9c8ccd01f98acde,4,1,0.996657371520996
RU-A1156,img_920b72db2132a449,4,1,0.066887266933918
RU-A1156,img_5425640a754d30f4,4,1,0.1824210584163665
RU-A1156,img_44d8f1454fb9cf44,4,1,0.2252939045429229
RU-A1156,img_ae7d35ed5a92dfa6,4,1,0.0702491104602813
RU-A1175,img_30772dd4108bcfa9,4,0,0.3766365647315979
RU-A1175,img_4a6f4764434e9581,4,0,0.0218793991953134
RU-A1175,img_9569faecbd055d80,4,0,0.0003486181958578
RU-A1175,img_c21f9b2149c979be,4,0,0.0047347256913781
RU-A1175,img_90c4f65acd987813,4,0,0.1258475929498672
RU-A1175,img_8ea92b02f7c1a7f8,4,0,0.0131329456344246
RU-A1180,img_b38e73507dc7c407,0,1,0.0193628501147031
RU-A1180,img_bf6e5a188405bbf9,0,1,0.0046376613900065
RU-A1137,img_f8596336cbb6ab7e,3,0,0.0001084702234948
RU-A1137,img_27f241b33f4cd1b9,3,0,2.9901839297963303e-05
RU-A1137,img_c3d6dd135a809758,3,0,0.0009262798121199
RU-A1137,img_b5c886eb2eb77b1b,3,0,0.0002073754876619
RU-A1150,img_6793bd512d8d268d,0,0,0.054448515176773
RU-A1150,img_c275765ff341dca4,0,0,0.7659603953361511
RU-A1150,img_d419321a83b4e02d,0,0,0.1485943794250488
RU-A1150,img_065d841c32f09fdc,0,0,0.2673335373401642
RU-A1150,img_e574f619da841664,0,0,0.0460138171911239
RU-A1150,img_85b8f5256f9d2692,0,0,0.0126468474045395
RU-A1186,img_f82d99ec2aebfb87,2,0,0.0049236733466386
RU-A1186,img_a3daa22244771c75,2,0,0.0045835739001631
RU-A1186,img_d29fac8345943833,2,0,0.2117466479539871
RU-A1186,img_6ba5da9a53bdc8d2,2,0,0.0065243588760495
RU-A1186,img_7ba5450aafdbfeec,2,0,0.0040687844157218
RU-A1186,img_0ebfc2931c2621b4,2,0,0.021097021177411
RU-A1186,img_8511530d67193842,2,0,0.0557066574692726
RU-A1186,img_a60ffee6723789ae,2,0,0.0131164295598864
RU-A1186,img_98755a6cc5be5ca7,2,0,0.0056060822680592
RU-A1186,img_bda19b74d37a24d5,2,0,0.0022811321541666
RU-A1186,img_195a63a620799581,2,0,0.0099421981722116
RU-A1186,img_14bf0796f92ea231,2,0,0.0032984502613544
RU-A1186,img_43ee7c6f5bd75451,2,0,0.0406456962227821
RU-A1186,img_c6b0ddb3934b9c16,2,0,0.0017374583985656
RU-A1187,img_209d97bee68fda97,3,0,0.001829600194469
RU-A1187,img_9fc9c7c07b043792,3,0,0.0008826025296002
RU-A1187,img_1cfefb28992f74bc,3,0,0.0017653912073001
RU-A1187,img_413262bbfcb8b1e1,3,0,0.0029749730601906
RU-A1187,img_c370893f7a9ede8c,3,0,0.0517190285027027
RU-A1187,img_5ec05b3c5765141e,3,0,4.627829912351445e-05
RU-A1187,img_e5cb30c2e6a5e193,3,0,0.0021052712108939
RU-A1187,img_22d4734c37063186,3,0,0.0010673189535737
RU-A1187,img_f9261bb2a89b8873,3,0,0.2758975327014923
RU-A1187,img_771210474a95b8b2,3,0,0.0105285383760929
RU-A1187,img_9d1bdeae69a9b615,3,0,0.0372067503631114
RU-A1187,img_427b3e09ff5547c7,3,0,0.2638930678367615
RU-A1028,img_3c1a648dc774b80d,4,0,0.398953914642334
RU-A1028,img_b84f1a49b1e45947,4,0,0.0236315093934535
RU-A1028,img_e6b188865b934d48,4,0,0.6549045443534851
RU-A1028,img_9485608a01a2802b,4,0,0.0695880725979805
RU-A1078,img_d92680e01bdd84a7,0,1,0.9402839541435242
RU-A1078,img_b8a47edb240d9a9b,0,1,0.2401219457387924
RU-A1078,img_1f21e5f4d12309a7,0,1,0.0732845067977905
RU-A1078,img_fac47d93c4e9b070,0,1,0.1589398682117462
RU-A1079,img_7870d359d74857c0,0,0,0.1298005282878875
RU-A1079,img_ac02afc1e7eb373e,0,0,0.0011979946866631
RU-A1079,img_ad1158cf86d294e1,0,0,0.0025350868236273
RU-A1079,img_4de1e43817e4e22a,0,0,0.0051941503770649
RU-A1079,img_a3b6f333efc7ce19,0,0,0.0050029628910124
RU-A1079,img_b63857d28eea4cf4,0,0,0.0116065135225653
RU-A1079,img_de364242bebc9c9d,0,0,0.0065487129613757
RU-A1079,img_d054e1c68921e0bd,0,0,0.005138293839991
RU-A1079,img_7f3a3913f25bb6c6,0,0,0.0109876981005072
RU-A1079,img_5041558f8a325d01,0,0,0.1263547092676162
RU-A1079,img_3a92405136b435c5,0,0,0.002556073712185
RU-A1079,img_24ff27e224f768c6,0,0,0.0116150733083486
RU-A1082,img_5e794b468cdfc4fe,2,0,0.0024511229712516
RU-A1082,img_a226959602cac093,2,0,0.0248648039996624
RU-A1082,img_90b26091fff534cd,2,0,0.0045891320332884
RU-A1082,img_129515e703b481cd,2,0,0.0352757014334201
RU-A1082,img_92cfcd4509f3a24f,2,0,0.0002133982488885
RU-A1082,img_6c012193b1e94d25,2,0,0.0125919664278626
RU-A1082,img_dffaf8a7b9b9033d,2,0,0.0067431549541652
RU-A1082,img_1c3af867a8fdf26c,2,0,0.0178764946758747
RU-A1082,img_36897e28517ddb1f,2,0,0.0142768248915672
RU-A1082,img_3199e8638f192b55,2,0,0.0493462644517421
RU-A1082,img_991c3d0b52ad5310,2,0,0.0631767064332962
RU-A1082,img_1133dd7a7a6c47e0,2,0,0.9108505845069884
RU-A1082,img_d79a086a3c1b811a,2,0,0.0013051396235823
RU-A1083,img_5139928cc3444c7b,0,0,0.4242151379585266
RU-A1083,img_664e185898657c63,0,0,0.196733295917511
RU-A1083,img_2f0989eb4673c2fd,0,0,0.0054651075042784
RU-A1083,img_be8a0272e0599470,0,0,0.0022597955539822
RU-A1084,img_db1a74c82562304c,4,0,0.0577733591198921
RU-A1084,img_de993738e286581f,4,0,0.1140889972448349
RU-A1084,img_31e9df9a835f7eda,4,0,0.0056296847760677
RU-A1084,img_bb976eb440ac7f37,4,0,0.0442436076700687
RU-A1084,img_385f0807a9a54c02,4,0,0.0668314471840858
RU-A1084,img_9de76103ad4f2dd7,4,0,0.0091110011562705
RU-A1084,img_28271672e954b37d,4,0,0.278819739818573
RU-A1084,img_868abe50067b2c1b,4,0,0.0913078412413597
RU-A1084,img_b2db014757101fdc,4,0,0.0165132042020559
RU-A1084,img_a3b0040766d5c348,4,0,0.2869228422641754
RU-A1084,img_75a7cc7b70ffed18,4,0,0.3577644228935241
RU-A1084,img_d2927f5863cc9afe,4,0,0.0489774569869041
RU-A1084,img_6c6985fc7a4dc9f1,4,0,0.0235456563532352
RU-A1084,img_120829c679515f60,4,0,0.0166960321366786
RU-A1084,img_604339027e323f43,4,0,0.0109605835750699
RU-A1084,img_0603f1a7d217e1fa,4,0,0.6807736754417419
RU-A1084,img_a3ef717e825aca6b,4,0,0.0729289278388023
RU-A1084,img_9aec24e380226cbb,4,0,0.0554730258882045
RU-A1084,img_3c94be12f9452a49,4,0,0.6344600915908813
RU-A1084,img_095a20697f55aabf,4,0,0.1837104707956314
RU-A1084,img_646cf78d46d82197,4,0,0.615014374256134
RU-A1084,img_fae698fe99a4f049,4,0,0.3434562087059021
RU-A1084,img_0d7490ad0f8da910,4,0,0.7772967219352722
RU-A1084,img_432603b05d9127b1,4,0,0.982315957546234
RU-A1084,img_28395d2246bf2fab,4,0,0.0046018199063837
RU-A1084,img_2e32ef66ddff8940,4,0,0.2996395528316498
RU-A1084,img_8aa96eb0ac87f648,4,0,0.1357174962759018
RU-A1084,img_30fb37bb30a7d793,4,0,0.1499613225460052
RU-A1084,img_78424e1cd8cfac32,4,0,0.6744335889816284
RU-A1084,img_3cdefaa1a1f607f7,4,0,0.0075171520002186
RU-A1084,img_f1e58efa7e8a4b89,4,0,0.1865370869636535
RU-A1084,img_ee4e31ef61fede0d,4,0,0.0164237078279256
RU-A1084,img_a6af44adb5b4e3fc,4,0,0.0359190814197063
RU-A1084,img_06116b4fd85491e7,4,0,0.3694344758987427
RU-A1084,img_b091d058d104f6c8,4,0,0.9370805025100708
RU-A1084,img_86a7d12d98bf8834,4,0,0.9117573499679564
RU-A1084,img_680916680333756e,4,0,0.5197068452835083
RU-A1084,img_8efbbb07c40d273b,4,0,0.9980985522270204
RU-A1084,img_e1e817fdf5a1d7b2,4,0,0.0635615512728691
RU-A1084,img_9bf276f4353f10c8,4,0,0.0013386076316237
RU-A1084,img_a7207d192f757a1a,4,0,0.0228573866188526
RU-A1084,img_0d2967c3393ee942,4,0,0.2559749782085418
RU-A1084,img_46b97e6adb87c027,4,0,0.0346757322549819
RU-A1085,img_d2840a0efc4d0500,3,0,0.0118918912485241
RU-A1085,img_86de0b7084b511bc,3,0,0.2182943373918533
RU-A1085,img_421946506fd626cb,3,0,0.1410005986690521
RU-A1085,img_a51137854d80c772,3,0,0.0950934737920761
RU-A1085,img_8d16fe52b0ac7627,3,0,0.0207846127450466
RU-A1085,img_884d0c900a4399a5,3,0,0.0250290427356958
RU-A1085,img_4f0f0942e9b61eeb,3,0,0.1890725344419479
RU-A1085,img_e2508b2a0691ada6,3,0,0.2753303945064544
RU-A1085,img_243a2e132269c95d,3,0,0.7231611609458923
RU-A1085,img_4b85cdf8d4ef0826,3,0,0.0941819176077842
RU-A1085,img_17b3c6d65d15df0d,3,0,0.3400593400001526
RU-A1085,img_ed0e5c028fbfabe5,3,0,0.1349425464868545
RU-A1085,img_24fdb91b79324aee,3,0,0.0021964740008115
RU-A1085,img_398da96546b0066c,3,0,0.1072754338383674
RU-A1085,img_36adfb8a249878af,3,0,0.0993444472551345
RU-A1085,img_40f7e4d572e3f1ca,3,0,0.4523106217384338
RU-A1085,img_2df6854354572d95,3,0,0.0006426410400308
RU-A1085,img_f336dd1256b709c6,3,0,0.0001781083556124
RU-A1085,img_2511cc7ca01ff2d5,3,0,0.0055434620007872
RU-A1087,img_4306561128354096,0,0,0.0152549659833312
RU-A1087,img_38737445203e2c13,0,0,0.0549010559916496
RU-A1087,img_dab65d5c5e8f6d55,0,0,0.1267066597938537
RU-A1087,img_840f75a422ad264a,0,0,0.3325120210647583
RU-A1087,img_b55ab284dfe108d9,0,0,0.1310522407293319
RU-A1087,img_9c63f1ff0c8ee69b,0,0,0.0004931027069687
RU-A1087,img_2ca95915a88ac9c9,0,0,0.0292163025587797
RU-A1087,img_010c3e808818e708,0,0,0.1471234112977981
RU-A1087,img_d1435d697349c4a4,0,0,0.0650915876030922
RU-A1087,img_7ec30c18756e84a1,0,0,0.3502408862113952
RU-A1088,img_341bd79bfbb32464,3,0,0.0005032803746871
RU-A1088,img_d465b338932e403e,3,0,0.0018891823710873
RU-A1088,img_38575cb854539b8c,3,0,0.0049471096135675
RU-A1088,img_6ac9d9272ee184db,3,0,0.1272897869348526
RU-A1088,img_0c255eb4d4280770,3,0,0.0018848436884582
RU-A1090,img_02cafda702c58f3d,1,0,0.0295098293572664
RU-A1090,img_55746d1544908753,1,0,0.9040618538856506
RU-A1090,img_7c6912da4ffd5750,1,0,0.0060083665885031
RU-A1090,img_547350790b5bc200,1,0,0.0091605149209499
RU-A1090,img_e4c492a7436a7907,1,0,0.0443719066679477
RU-A1090,img_8f4ecd186cf1dc29,1,0,0.2509770393371582
RU-A1090,img_12dc93313669830c,1,0,0.0068196891807019
RU-A1090,img_20ce68ea5e35dc51,1,0,0.0046086772345006
RU-A1091,img_496d40d4bdcfa3c7,4,0,0.0021676649339497
RU-A1091,img_9053b6bd763c8b8d,4,0,0.3426000475883484
RU-A1091,img_ebb3a517d781b7b0,4,0,0.0004430591943673
RU-A1092,img_8c37cebdc426aa15,2,0,0.0205397978425025
RU-A1092,img_24384ed0c7c80a3e,2,0,0.0369115024805069
RU-A1092,img_fd5e04009c989483,2,0,0.0027965495828539
RU-A1092,img_2689ab49025de65b,2,0,0.0198855996131896
RU-A1092,img_01700a28dbd98744,2,0,0.0029639301355928
RU-A1092,img_e1b2da4fc40c44ee,2,0,0.010846228338778
RU-A1092,img_7bb8ce1213dfd56e,2,0,0.2639775276184082
RU-A1092,img_953bb7a54e2b3dd7,2,0,0.4844968318939209
RU-A1094,img_902989ce5048de9a,4,0,0.0096670752391219
RU-A1094,img_18b96c6949455734,4,0,0.0007676645764149
RU-A1095,img_cfe40bba1a0f810e,3,0,0.0005306154489517
RU-A1095,img_4b773350aaebdbd9,3,0,0.011807638220489
RU-A1095,img_f3cc0d6b7a6c2a46,3,0,0.0001169310417026
RU-A1095,img_c996bb01a3e89b4c,3,0,0.0090359952300786
RU-A1095,img_e24a827388d07178,3,0,0.0061601311899721
RU-A1095,img_8b639a4d807c6044,3,0,0.0285924766212701
RU-A1095,img_deefb793a0c050cc,3,0,7.624651334481314e-05
RU-A1095,img_fc0d79d4e55034df,3,0,0.0051762806251645
RU-A1096,img_f6c310321f59d359,0,0,0.0013352467212826
RU-A1096,img_c35849104c118fc6,0,0,0.0032744340132921
RU-A1096,img_d5d57717703a052a,0,0,0.1189578101038932
RU-A1096,img_a0ccab2224837eda,0,0,0.0544722937047481
RU-A1096,img_5e6622b02478a5a4,0,0,0.0019182603573426
RU-A1096,img_7b2f91f4f7f6fcaa,0,0,0.0186473503708839
RU-A1096,img_be24564b1ddcd56f,0,0,0.005401755683124
RU-A1096,img_bc4744b3c20684fe,0,0,0.0188803002238273
RU-A1096,img_ac941b46f905083f,0,0,0.000856562226545
RU-A1096,img_c4addf21d7357407,0,0,0.0046312343329191
RU-A1100,img_f0bd0fff94bb343f,2,0,0.0331317968666553
RU-A1100,img_7d0aad024ce8d3db,2,0,0.0086606731638312
RU-A1100,img_54c7460ad88dfb08,2,0,0.065933421254158
RU-A1100,img_378c9a2b6359dcc9,2,0,0.031919740140438
RU-A1100,img_2e42acf9a04b00ac,2,0,0.0053469464182853
RU-A1100,img_7178489d049aad3c,2,0,0.0328745171427726
RU-A1148,img_f10d9b13c8dd1747,2,0,0.0222366154193878
RU-A1148,img_7ee9dfd8047937f2,2,0,0.003571253735572
RU-A1148,img_01039c4b1b623173,2,0,0.0011060694232583
RU-A1148,img_3d509547e54a2108,2,0,0.0025702905841171
RU-A1151,img_aeb0e4d98421c6ab,1,0,0.6571089625358582
RU-A1151,img_8331c3e1b7e45f52,1,0,0.2839806973934173
RU-A1151,img_6c74f2ffa84c278b,1,0,0.5481678247451782
RU-A1151,img_69da023df1138ae9,1,0,0.7367843389511108
RU-A1151,img_88bb0ec6ba46ac97,1,0,0.5408824682235718
RU-A1151,img_9f18b3aba6cc0de5,1,0,0.8319071531295776
RU-A1151,img_906468ac2b6883a3,1,0,0.0292172692716121
RU-A1151,img_ebae27221ad510aa,1,0,0.2029281854629516
RU-A1152,img_9f36ccabffb91127,1,0,0.0621093101799488
RU-A1152,img_02cd3a50e5722f10,1,0,0.0123594533652067
RU-A1152,img_84a872e80fbba85f,1,0,0.0033401590771973
RU-A1152,img_79ed47c25e1cc9e8,1,0,0.0275667924433946
RU-A1152,img_b2de56818450326b,1,0,0.0241128541529178
RU-A1152,img_c660dad4197daee3,1,0,0.0095705557614564
RU-A1152,img_1b752091dee4c518,1,0,0.0118565326556563
RU-A1152,img_20cb8b00b4c70d4a,1,0,0.0018324831034988
RU-A1152,img_5cb4e0b0f3856695,1,0,0.0031940839253365
RU-A1152,img_c8672f4e365313ce,1,0,0.0050469725392758
RU-A1157,img_d4ae8091ae0757af,3,0,0.0029511603061109
RU-A1157,img_3761fc6f346e7291,3,0,0.0039974534884095
RU-A1157,img_d0a7bc73fef9e701,3,0,0.0929097086191177
RU-A1157,img_acee21b7f9f9bccc,3,0,0.0109577989205718
RU-A1157,img_a2c4c778b6fd866f,3,0,0.1278855502605438
RU-A1157,img_b0fbe72697137acb,3,0,0.0083060311153531
RU-A1157,img_d95a5f98abe2aa6a,3,0,0.0014242999022826
RU-A1157,img_82509bdad829118f,3,0,2.950712587335147e-05
RU-A1157,img_c511d5fc6dfd2591,3,0,0.0251663345843553
RU-A1157,img_20cd221b066c7c94,3,0,0.0010222487617284
RU-A1158,img_bd5fac1beb00b89e,2,0,0.035251211374998
RU-A1158,img_4593d4fb03c4aa2e,2,0,0.0056259594857692
RU-A1158,img_1c399192e010e1e8,2,0,0.0140735590830445
RU-A1158,img_a84359e1fadc93be,2,0,0.0083919828757643
RU-A1158,img_07bbefdbda20d1bf,2,0,0.0294533334672451
RU-A1158,img_dfb6d85a2716b73e,2,0,0.0114614190533757
RU-A1158,img_f8e90ff8a45ea76c,2,0,0.0147014837712049
RU-A1158,img_96c480c67d24ff81,2,0,0.2140741348266601
RU-A1158,img_c950b0861207bfd0,2,0,0.0834287330508232
RU-A1158,img_a57643551c6682fb,2,0,0.0092594213783741
RU-A1159,img_57e847c25be6c902,1,0,0.2636067271232605
RU-A1159,img_a58cfac931b9dfed,1,0,0.0043043750338256
RU-A1159,img_f54dedfd09cd5bb9,1,0,0.0185038037598133
RU-A1159,img_0482fd8c4e89f3a1,1,0,0.0583588853478431
RU-A1159,img_94f472ea68866573,1,0,0.0178088564425706
RU-A1159,img_d2f62e019f86a9a1,1,0,0.0004532202146947
RU-A1159,img_e3271d3452e87481,1,0,0.0056726336479187
RU-A1159,img_443e45ed9c9b91d8,1,0,0.0012014688691124
RU-A1160,img_abf0add4078c02d7,2,0,0.5162147283554077
RU-A1160,img_f3a7c9f498a30cf6,2,0,0.005587937310338
RU-A1160,img_5d54faf7bc620d76,2,0,0.3905882835388183
RU-A1160,img_3673caab3ada9169,2,0,0.7101595997810364
RU-A1161,img_fddfd73669db3761,1,0,0.0007761368178762
RU-A1161,img_9a0d76490f4e758c,1,0,0.0126460436731576
RU-A1161,img_703a60c47ce33393,1,0,0.0027055866084992
RU-A1161,img_a77c700d16387170,1,0,0.0023751340340822
RU-A1161,img_f18955f848c65a47,1,0,0.0064767864532768
RU-A1161,img_b22806dae60e42eb,1,0,0.0185687355697155
RU-A1162,img_e50a1e9b61f68985,3,0,0.0432360507547855
RU-A1162,img_43f44a1c0dc4e80a,3,0,0.6150392889976501
RU-A1162,img_0686832adf9eb7b0,3,0,0.0295671857893466
RU-A1162,img_ccda422b004b2040,3,0,0.0457233749330043
RU-A1162,img_a73115e01a2d9552,3,0,0.1184476986527443
RU-A1162,img_1ac9bbabf7fe927f,3,0,0.007401380687952
RU-A1162,img_3373d870d77bbaf3,3,0,0.1915805041790008
RU-A1162,img_88287373e24dfd04,3,0,0.0210012588649988
RU-A1162,img_bc1d55c4fbfa977d,3,0,0.2019397616386413
RU-A1162,img_eb4aedf0b4d0e8f8,3,0,0.0034712527412921
RU-A1162,img_1ebecbd928005394,3,0,0.0592928007245063
RU-A1162,img_a05f3ea344464421,3,0,0.1001485884189605
RU-A1164,img_a75108faede88b0d,4,0,0.4008654356002807
RU-A1164,img_fdce6cdc847ab8a7,4,0,0.0561975315213203
RU-A1164,img_328f0f466922f285,4,0,0.0012459236895665
RU-A1164,img_f2a9a25391b544d3,4,0,0.0003303920093458
RU-A1164,img_bbd0d37f984a5849,4,0,0.0001410524419043
RU-A1164,img_dded3e26fcacca5f,4,0,0.0002541454741731
RU-A1164,img_10353862751e7fa5,4,0,0.0017925738357007
RU-A1164,img_9a96dbab552513b9,4,0,0.0758389607071876
RU-A1164,img_4093518313023fbe,4,0,0.0014867533463984
RU-A1165,img_65386e7d9cb64f9d,1,0,0.0269093681126832
RU-A1165,img_a02bce084c4dbc51,1,0,0.0024440467823296
RU-A1165,img_d7ec70c596a3c7e5,1,0,0.0151191623881459
RU-A1165,img_f50adedd5121a5af,1,0,0.0070951012894511
RU-A1167,img_90b53155667807a2,4,0,0.0007785086636431
RU-A1167,img_1e91445dbbb10e45,4,0,0.0022618391085416
RU-A1167,img_0b8e5ead1c0eb983,4,0,0.0090804658830165
RU-A1167,img_9a356d782ada14e7,4,0,0.0083759361878037
RU-A1168,img_f6c1b78bf1a1c419,1,0,0.0162448436021804
RU-A1168,img_c4fa6b6606150776,1,0,0.0013521699002012
RU-A1168,img_b12763bc776f237b,1,0,0.0065124914981424
RU-A1168,img_b998ac7903da596a,1,0,0.0351102612912654
RU-A1168,img_9b4e1328a6284d02,1,0,0.0003312489134259
RU-A1168,img_f63bebd6e6b520fb,1,0,0.0002668024681042
RU-A1168,img_f82ac1e479af4fee,1,0,0.0043634097091853
RU-A1168,img_21a5e7daef98fa43,1,0,0.0137626146897673
RU-A1169,img_3d0d09c23dddd708,0,0,0.2505836188793182
RU-A1169,img_e8f319d98e4394db,0,0,0.0003378660185262
RU-A1169,img_ce580288284f0c39,0,0,0.0746562927961349
RU-A1169,img_f2e76757f84ec6c2,0,0,0.0258320420980453
RU-A1169,img_6952eb5a597b71e9,0,0,0.1350141316652298
RU-A1170,img_35146e0294ffc229,4,1,0.0003207795380149
RU-A1170,img_ad84d34a839db114,4,1,0.9908015131950378
RU-A1170,img_7c4b026225b78480,4,1,0.0211723055690526
RU-A1170,img_44d09247fe41802c,4,1,0.0295060332864522
RU-A1170,img_19245519512331a8,4,1,0.8447924852371216
RU-A1170,img_3a68b7d522fd8ed8,4,1,0.0001755606645019
RU-A1170,img_669a0e3d9a6b644c,4,1,3.8767502701375633e-05
RU-A1170,img_fbd531730bf96b19,4,1,0.074520543217659
RU-A1170,img_744edff32ebf52bc,4,1,0.9893484115600586
RU-A1170,img_5c3f1b9276cd3327,4,1,0.9111784100532532
RU-A1170,img_ec86d7873fc72200,4,1,0.3286053836345672
RU-A1170,img_863dbaaea59fc328,4,1,0.4492321610450744
RU-A1170,img_7167b5fffd811b63,4,1,0.8404753804206848
RU-A1170,img_6543c793c1f09e1e,4,1,0.327872097492218
RU-A1171,img_451dd404b3fad6a6,2,0,0.0144597375765442
RU-A1171,img_bcd237220dc0b0ec,2,0,0.015920266509056
RU-A1171,img_a0e80e65520e2bc2,2,0,0.0682486742734909
RU-A1171,img_c0ff02ba034a11aa,2,0,0.0049425298348069
RU-A1172,img_be58fe8545d04fce,1,0,0.0583072826266288
RU-A1172,img_b4b1d34ad253ee14,1,0,0.0198610294610261
RU-A1172,img_133e5f1b77bf145f,1,0,0.0095324022695422
RU-A1172,img_1b76d3ea41ad0fa1,1,0,0.7209937572479248
RU-A1172,img_e407281c2cea1333,1,0,0.026919100433588
RU-A1172,img_a12c58a5a5f53650,1,0,0.4575653672218323
RU-A1173,img_6dbc7d2d2fda1e32,0,0,0.0010107835987582
RU-A1173,img_898c00f921b34233,0,0,0.0013377722352743
RU-A1173,img_f6a77858a31c3ef1,0,0,0.002597021870315
RU-A1173,img_df210a5fab7e194e,0,0,0.0130281755700707
RU-A1173,img_142451132d6f6d6e,0,0,0.0372050739824771
RU-A1173,img_755a70d989ccf55a,0,0,0.1773422509431839
RU-A1174,img_a9bce608eae449af,1,0,0.0777250677347183
RU-A1174,img_5bc4050a4df8e92f,1,0,0.0171898510307073
RU-A1174,img_32cd0bd1996206c9,1,0,0.010275213047862
RU-A1174,img_9aea532336c2c157,1,0,0.137559711933136
RU-A1174,img_8c2b5cc9eea99fea,1,0,0.2854299545288086
RU-A1174,img_71f1b96a1ba6bbb0,1,0,0.0022178122308105
RU-A1174,img_e235934b96951fe8,1,0,0.0018715244950726
RU-A1174,img_d11a8e2594bdf46e,1,0,0.0678246021270752
RU-A1174,img_1576581ca61c0ced,1,0,0.0238105040043592
RU-A1154,img_2b9ec337d64cdc74,2,0,0.0080862455070018
RU-A1154,img_c6445ecfb6d3aa22,2,0,0.0020485769491642
RU-A1154,img_a10ed4749e23c7cc,2,0,0.0061813378706574
RU-A1154,img_0f73b3f77eb23edf,2,0,0.0686778873205185
RU-A1154,img_bc17bb19d4341e1c,2,0,0.0042915707454085
RU-A1154,img_a758888f8a1813b8,2,0,0.0057699210010468
RU-A1154,img_e2e703a4f91f18f3,2,0,0.0176679585129022
RU-A1154,img_44e2b5872169ec50,2,0,0.0043071559630334
RU-A1154,img_6b40865f9b4e08eb,2,0,0.0101047940552234
RU-A1154,img_db8425540c0b0cdb,2,0,0.0325580202043056
RU-A1155,img_5f4824811e011f6c,1,0,0.0439775884151458
RU-A1155,img_7e2f28ed80177923,1,0,0.0105412891134619
RU-A1155,img_5408471552cc8c89,1,0,0.0236071925610303
RU-A1155,img_b29cca99ccd698af,1,0,0.0007800815510563
RU-A1155,img_dad54ac42e65821a,1,0,0.0059864660724997
RU-A1155,img_9ce9024d4db6717f,1,0,0.0011725996155291
RU-A1155,img_25cbf5e7316d2139,1,0,0.0078392410650849
RU-A1155,img_856dd30f9aecc437,1,0,0.0034967043902724
RU-A1155,img_76bbfe9516ee3d70,1,0,0.0162022076547145
RU-A1221,img_b843df6ac49748b8,1,0,0.212683156132698
RU-A1221,img_a11314f69c119b7e,1,0,0.0469963736832141
RU-A1221,img_e3360cc395bd4f0c,1,0,0.045765645802021
RU-A1221,img_3d7784f167ab3877,1,0,0.2229302823543548
RU-A1221,img_7297193f16963b9f,1,0,0.0544653572142124
RU-A1221,img_ec4e39e962c9849c,1,0,0.373401403427124
RU-A1222,img_0c8e501da531010d,4,0,0.0651880428194999
RU-A1222,img_0a0d40bf622e68e5,4,0,0.0783542618155479
RU-A1222,img_17920b469918312a,4,0,0.835417628288269
RU-A1222,img_550d8a285a437729,4,0,0.0514864847064018
RU-A1223,img_993f965cb2543c0e,0,0,0.1056549102067947
RU-A1223,img_11d2a45a94860f1f,0,0,0.9857821464538574
RU-A1223,img_a34347443d9b677c,0,0,0.0084087941795587
RU-A1223,img_e0fea148738580c9,0,0,0.0163348391652107
RU-A1224,img_5abbe20174b1cb5e,0,0,0.7058358788490295
RU-A1224,img_311dce75a3b93818,0,0,0.0672119110822677
RU-A1224,img_a937d14aa26975fa,0,0,0.5347858667373657
RU-A1224,img_41106415ecfc609e,0,0,0.002210930455476
RU-A1224,img_dba5d6602b0b162a,0,0,0.0087932106107473
RU-A1225,img_9e70c1ee239546d3,0,0,0.0287526063621044
RU-A1225,img_399db71f2f7c74d2,0,0,0.009713071398437
RU-A1226,img_662078eafbab9c59,0,0,0.0333003140985965
RU-A1226,img_d4331128fa77cdd6,0,0,0.1945709884166717
RU-A1226,img_42abf17b96b925c5,0,0,0.0003871035296469
RU-A1226,img_0beb883c88a1a1b9,0,0,0.0062390086241066
RU-A1227,img_a4ed0801b99d3676,3,0,0.0020194777753204
RU-A1227,img_48fc430b50746636,3,0,0.0062936129979789
RU-A1227,img_d14fae684d541a7a,3,0,0.0063272630795836
RU-A1227,img_47bc5f8962e2180b,3,0,0.0011664138874039
RU-A1227,img_354c74b3c6338aad,3,0,0.0011941292323172
RU-A1227,img_982144aa5c74c38e,3,0,0.0232720300555229
RU-A1228,img_cff87a80d13e8fb1,2,0,0.0134084708988666
RU-A1228,img_566a72c2cbc99ec0,2,0,0.0074502830393612
RU-A1228,img_d2f9d041e39bcca2,2,0,0.0071821184828877
RU-A1228,img_3d8bf6100cc8d6b8,2,0,0.0055914702825248
RU-A1228,img_d5e1c165c810708f,2,0,0.0182396695017814
RU-A1228,img_f8dc5696bc6d0a98,2,0,0.0459815934300422
RU-A1228,img_b355bf8324014a77,2,0,0.0024301242083311
RU-A1228,img_7ecf8f0d78007381,2,0,0.0277159549295902
RU-A1228,img_22d710c277869821,2,0,0.0040077227167785
RU-A1228,img_dc939f24dbe447cf,2,0,0.0657784715294838
RU-A1228,img_9718837515050473,2,0,0.0091390255838632
RU-A1229,img_8950267846928315,4,1,0.0012596010928973
RU-A1229,img_44829ee2e0bd1429,4,1,0.1682121753692627
RU-A1229,img_75e20e01b38e078a,4,1,0.7027868032455444
RU-A1229,img_651a50002ea6f8ba,4,1,0.8509147763252258
RU-A1229,img_b1f8e2c4d30fe399,4,1,0.0483874827623367
RU-A1230,img_3830ae930b0a6ef1,4,0,0.005472672637552
RU-A1230,img_72e0925990c9bf09,4,0,0.0039588804356753
RU-A1230,img_8de82a7ef7791207,4,0,1.0170219866267873e-05
RU-A1230,img_dfdf8341cd873f00,4,0,0.0003363683063071
RU-A1230,img_4e74d4cfbc6b946d,4,0,4.393057315610349e-05
RU-A1230,img_9b94bb8e3d3f8938,4,0,0.0108818644657731
RU-A1230,img_63b70a713495db32,4,0,0.0091163842007517
RU-A1230,img_60227010952c481a,4,0,0.0093885492533445
RU-A1230,img_3ed0b603bd39c6fe,4,0,0.0671988725662231
RU-A1230,img_8d9ee4f5d062f4ee,4,0,0.000265042472165
RU-A1230,img_2badc52b03359c7f,4,0,0.761600911617279
RU-A1230,img_dc9adb66c18359f9,4,0,0.0254399180412292
RU-A1231,img_4a9ceaba0b907dba,2,0,0.0033795018680393
RU-A1231,img_4dbcc0ccdd01a90e,2,0,0.0029235233087092
RU-A1231,img_dd5a0c6c0753b8f9,2,0,0.0355982780456543
RU-A1231,img_bfee5e09e107f620,2,0,0.013010736554861
RU-A1231,img_d2ae49d23f2c8fae,2,0,0.0055439034476876
RU-A1231,img_a7b107b5b48b736b,2,0,0.0409424118697643
RU-A1231,img_a8186cb4fbe98fca,2,0,0.0018124387133866
RU-A1231,img_02ae068f77aecd0a,2,0,0.0011353034060448
RU-A1232,img_f8eed42054d2d97e,1,0,0.002643110230565
RU-A1232,img_6b8ee788e5947b23,1,0,0.0077280490659177
RU-A1232,img_e5b24440c4d13433,1,0,0.0079242400825023
RU-A1232,img_91ce6a798f0addf8,1,0,0.0005521298735402
RU-A1232,img_09d3118069786e96,1,0,0.0080831972882151
RU-A1232,img_67c3b03061399bb3,1,0,0.0063940249383449
RU-A1232,img_66e3441a082030fe,1,0,0.075963906943798
RU-A1232,img_434c1c81c8b8e1ed,1,0,0.0112162632867693
RU-A1233,img_5de866f0a887a291,0,0,0.0606350116431713
RU-A1233,img_ccd794e2817b27c9,0,0,0.1175878643989563
RU-A1233,img_b7d8a3f95eea273a,0,0,0.0348552167415618
RU-A1233,img_06613dc42196830f,0,0,0.0015166105004027
RU-A1233,img_f8c5fdc5ef24e200,0,0,0.0152650400996208
RU-A1233,img_3fe0bf91a8b07fbf,0,0,0.100412905216217
RU-A1233,img_eb990b0170856b53,0,0,0.0006029488286003
RU-A1233,img_1cef30b84b1f8705,0,0,0.0492512211203575
RU-A1234,img_9fe7f8c14d214f85,1,0,0.0055185658857226
RU-A1234,img_8f9346484fdadaf5,1,0,0.0692924857139587
RU-A1234,img_b7b77fcba03765a8,1,0,0.022557845339179
RU-A1234,img_f572494e74b147f7,1,0,0.0054610716179013
RU-A1235,img_7fcb73b59693708a,1,0,0.002789583755657
RU-A1235,img_d7e0b86dae2b2648,1,0,0.0046754800714552
RU-A1235,img_e541919750f8f0bb,1,0,0.0145796723663806
RU-A1235,img_7e5ed24165794b48,1,0,0.0033238739706575
RU-A1236,img_cc2d188476c57231,3,0,0.0010095710167661
RU-A1236,img_bc39e336ae99b7c2,3,0,0.0020097154192626
RU-A1237,img_c1307c46aeed49e6,2,0,0.1241851150989532
RU-A1237,img_0e945bc042bb913b,2,0,0.0678567439317703
RU-A1237,img_3e017bbfd34b445c,2,0,0.0707292705774307
RU-A1237,img_53f53b2252294e84,2,0,0.0118889166042208
RU-A1237,img_4e1c499c5537d033,2,0,0.0040518082678318
RU-A1238,img_7be6f6758f6c4b6d,1,0,0.0158395152539014
RU-A1238,img_a36c9d9a3209fd1a,1,0,0.0225403159856796
RU-A1238,img_891b503bbeee8157,1,0,0.007234564051032
RU-A1238,img_e03834fbefdd0c96,1,0,0.0094942823052406
RU-A1238,img_1b16d89d902c69c9,1,0,0.1015428155660629
RU-A1238,img_09c83915e5561442,1,0,0.0013749077916145
RU-A1238,img_c2fc160a3a160ab3,1,0,0.0347417704761028
RU-A1238,img_ae17a68200f20bd7,1,0,0.0066347289830446
RU-A1239,img_e3666bf8aa074a8e,3,0,0.9790448546409608
RU-A1239,img_54c6082c9e330aa9,3,0,0.3301232755184173
RU-A1239,img_7c5fa7fde0d158ec,3,0,0.003235584590584
RU-A1239,img_959fddb3cb5ba6ad,3,0,0.0023029635194689
RU-A1239,img_6884c97a9b80867c,3,0,0.0088048139587044
RU-A1239,img_073122c18a534a3f,3,0,0.017203863710165
RU-A1240,img_b2826c84edb1a981,3,1,0.2548288702964782
RU-A1240,img_e2929ffcd26a36bb,3,1,0.146213948726654
RU-A1240,img_1a1f853295b0a1f7,3,1,0.0029577394016087
RU-A1240,img_df2b23c20d373cb2,3,1,0.119801141321659
RU-A1240,img_5d4d38e81fc13079,3,1,0.5941811800003052
RU-A1240,img_e4bbe624cbc3bcfa,3,1,0.2386245727539062
RU-A1240,img_fca381572b0f2812,3,1,0.0982982367277145
RU-A1240,img_332150a1c65cc706,3,1,0.0002669836685527
RU-A1240,img_2a566051f674d24c,3,1,0.8920032978057861
RU-A1240,img_e9ca392036a4b523,3,1,0.1504211276769638
RU-A1240,img_ab8c49011a55ede8,3,1,0.0120715592056512
RU-A1240,img_c3a0ac719e920d0e,3,1,0.0051862127147614
RU-A1345,img_7e61082adabd31d8,1,1,0.9823890328407288
RU-A1345,img_d3feff1211a4285c,1,1,0.4013769328594208
RU-A1345,img_cdbc4937d28fa0ee,1,1,0.1122301146388053
RU-A1345,img_22eb5d6e909db778,1,1,0.0301543232053518
RU-A1245,img_0b1da719028ee428,2,0,0.0057494528591632
RU-A1245,img_c1c7c530d207703b,2,0,0.0010999070946127
RU-A1245,img_19718b6879c6a4b5,2,0,0.0033372524194419
RU-A1245,img_a7bf02af7fb692b9,2,0,0.0460374616086483
RU-A1245,img_f2692bb748663132,2,0,0.0016652563354
RU-A1245,img_be7ccbfa8f413e9f,2,0,0.0410435572266578
RU-A1245,img_ab0e56c36727edfb,2,0,0.0137923723086714
RU-A1245,img_1a07d10d000de6f6,2,0,0.6837073564529419
RU-A1245,img_89102dde89e25e9a,2,0,0.6801703572273254
RU-A1245,img_6b92f1c7fec81682,2,0,0.215627446770668
RU-A1246,img_7a670da64b5e50db,2,0,0.0136702079325914
RU-A1246,img_e7f76e4dd817ca61,2,0,0.0250420551747083
RU-A1246,img_da8f1cba505a5ad1,2,0,0.0167001131922006
RU-A1246,img_582323e232fcf005,2,0,0.0486181564629077
RU-A1248,img_beddcaa9017f505b,3,0,0.0114400656893849
RU-A1248,img_bc651650612474fa,3,0,0.0006969777750782
RU-A1248,img_e74ecb9e8e6b164b,3,0,0.0121147688478231
RU-A1248,img_c5e470e6c5e1641a,3,0,0.0145344100892543
RU-A1248,img_43482114ff3743bb,3,0,0.0154608506709337
RU-A1347,img_40f993093261617b,0,1,0.180449977517128
RU-A1347,img_90ed0a0384e864cb,0,1,0.4532870352268219
RU-A1020,img_6ebf0480440eeb8b,3,0,0.1379279345273971
RU-A1020,img_3b28f6fb43310f01,3,0,0.1855048537254333
RU-A1020,img_b896f1618048adaa,3,0,0.1570329666137695
RU-A1020,img_ff34f3ed16e85d10,3,0,0.0257637742906808
RU-A1020,img_e1dfa0df1f51f26f,3,0,0.0071504078805446
RU-A1020,img_38b66d83c3e10e5f,3,0,0.7976630926132202
RU-A1020,img_269af53d528b1f3b,3,0,0.9060971140861512
RU-A1166,img_7db6e6ebb2386254,2,0,0.0535267628729343
RU-A1166,img_04d2698a8ec4e773,2,0,0.0307372584939003
RU-A1166,img_e48273b2c657ace2,2,0,0.2849954664707184
RU-A1166,img_b5193f801f3b0651,2,0,0.1168912649154663
RU-A1166,img_8cd4e57f5a7f3fbf,2,0,0.1967833787202835
RU-A1166,img_8c3b4f88af2c18d0,2,0,0.2975244522094726
RU-A1166,img_52722c7a1339f08b,2,0,0.1035174876451492
RU-A1153,img_88c42d232e084af2,3,0,5.044357294536894e-06
RU-A1153,img_6b2a1851b06d2968,3,0,0.0321305580437183
RU-A1153,img_b3b08eefab81dc7a,3,0,0.0004837953310925
RU-A1067,img_e4b1cb7a4084f5aa,1,0,0.1337297856807708
RU-A1067,img_af4aba150dcdd3ff,1,0,0.0181500744074583
RU-A1067,img_283d2d5b706f4a10,1,0,0.0082825375720858
RU-A1067,img_4c686295431a83d9,1,0,0.0170037318021059
RU-A1067,img_1787244bdbcfa17f,1,0,0.1248710304498672
RU-A1067,img_d7a788735478282b,1,0,0.0013670438202098
RU-A1067,img_8a2299337955ff3f,1,0,0.0274462383240461
RU-A1067,img_1edb5a7636a9c074,1,0,0.0008709194371476
RU-A1067,img_9f660a26a61b58e8,1,0,0.0040010549128055
RU-A1111,img_1cd53353b8617071,1,0,0.0630006864666938
RU-A1111,img_7dcdf6badb261622,1,0,0.0508013181388378
RU-A1111,img_c1200a40c8ffa7a5,1,0,0.0266316812485456
RU-A1111,img_426db2853397d34f,1,0,0.1793086975812912
RU-A1111,img_258ef9ea500043f1,1,0,0.007794227451086
RU-A1111,img_b5efa60b2a2e54c1,1,0,0.1988984197378158
RU-A1111,img_ff6679dafd6bb8a8,1,0,0.127429112792015
RU-A1111,img_555a0eed519bc91b,1,0,0.5446496605873108
RU-A1111,img_68ce501b08448270,1,0,0.0112851029261946
RU-A1111,img_56763286b16db0a6,1,0,0.020781323313713
RU-A1111,img_b65531f2691565a9,1,0,0.0998781248927116
RU-A1111,img_e6126205083bed2e,1,0,0.0687066093087196
RU-A1111,img_c430eaac3bcee87b,1,0,0.0118008628487586
RU-A1111,img_38493665fbd7fc50,1,0,0.0358366258442401
RU-A1149,img_bbf258ea7b72621d,2,0,0.0487853921949863
RU-A1149,img_fa033a5cd5376bdd,2,0,0.0169510506093502
RU-A1177,img_20361e9a65e9b7a3,3,0,0.0013320065336301
RU-A1177,img_111685f7f081edfa,3,0,0.0003138033789582
RU-A1177,img_fea19a9cfd0b6731,3,0,0.0009514190023764
RU-A1177,img_3add4b70d70febec,3,0,0.0018476677360013
RU-A1179,img_79ba5a1608358e10,2,0,0.0066950442269444
RU-A1179,img_02bcd5eefe3ac2f5,2,0,0.220862329006195
RU-A1179,img_a2640cbb642bfa27,2,0,0.0015749598387628
RU-A1179,img_57140cb499290165,2,0,0.0005466634174808
RU-A1181,img_95278a1793767bf5,0,0,0.0225886199623346
RU-A1181,img_5746beb86ec3e5f7,0,0,0.0383969917893409
RU-A1181,img_348f5c02ab93acd5,0,0,0.0237129274755716
RU-A1181,img_49b9a19b2d71e267,0,0,0.0367505885660648
RU-A1182,img_72a6b03b03822cdf,4,0,0.2388815432786941
RU-A1182,img_260b6b676862b479,4,0,0.0056643369607627
RU-A1182,img_70033e2e448b5422,4,0,0.5798333287239075
RU-A1182,img_c299d29bd0f9727b,4,0,0.4263880252838135
RU-A1183,img_ea651f8d1fa0b977,2,0,0.0071949386037886
RU-A1183,img_f354e7452ed4f731,2,0,0.1125661134719848
RU-A1183,img_c0fcbd5c9ef681d8,2,0,0.0384536832571029
RU-A1183,img_d8ee1ebb142b9b41,2,0,0.0159495770931243
RU-A1185,img_932b5fc52ae332d4,1,0,0.2156324982643127
RU-A1185,img_e3ab61ccfc73868f,1,0,0.0003557852178346
RU-A1185,img_ca5e4ba2c40087ba,1,0,0.0030708611011505
RU-A1185,img_c5e29373480c9838,1,0,0.0002327462570974
RU-A1250,img_bc42d5b6df347267,2,0,0.0305777341127395
RU-A1250,img_1973d0ad146c6caf,2,0,0.0130591625347733
RU-A1250,img_d21ae07be7521ee4,2,0,0.0061426111496984
RU-A1250,img_fae9a948208af627,2,0,0.1989214718341827
RU-A1250,img_9aa8739a0f7d5ebc,2,0,0.0089186634868383
RU-A1250,img_5e69f1ab96f7bbec,2,0,0.0004411492263898
RU-A1250,img_9c9aac34eec51086,2,0,0.0640005245804786
RU-A1250,img_a0fc20927e5f670b,2,0,0.00426553376019
RU-A1250,img_ce896261265900d1,2,0,0.0033693187870085
RU-A1250,img_3be085020d15861d,2,0,0.0040618879720568
RU-A1250,img_cbfaf1ca6e402023,2,0,0.0104463854804635
RU-A1251,img_3052a7aac94abe19,2,1,0.0106340618804097
RU-A1251,img_b1c1ad411bee2dab,2,1,0.0037828790955245
RU-A1251,img_2dad71961b5ab5f4,2,1,0.0019420440075919
RU-A1251,img_6bbcbca4ebf1dcc3,2,1,0.0442057289183139
RU-A1251,img_bc72bd486195709b,2,1,0.0802682414650917
RU-A1251,img_9bb4761e496a7c19,2,1,0.0018331976607441
RU-A1251,img_026b03b707d69374,2,1,0.0027104034088552
RU-A1251,img_37d73ec364ecd89c,2,1,0.0286450833082199
RU-A1251,img_389663b2e72f8ccd,2,1,0.0918360874056816
RU-A1251,img_e9207379d7cf370f,2,1,0.0287151355296373
RU-A1251,img_b9c8195ff22a5bdb,2,1,0.008409540168941
RU-A1251,img_23808aa99ad4a010,2,1,0.1047320216894149
RU-A1251,img_0d4e2f8217a6a429,2,1,0.0891076251864433
RU-A1251,img_7e3e648b59b560ff,2,1,0.0365877225995063
RU-A1251,img_448498b4a6226637,2,1,0.0171896964311599
RU-A1251,img_5a418c5470c18130,2,1,0.0032791260164231
RU-A1251,img_9b3dda18f52398c3,2,1,0.0765996649861335
RU-A1251,img_a9aa2953c27365bd,2,1,0.1594178676605224
RU-A1251,img_bbe2192ae099d420,2,1,0.2746151685714721
RU-A1251,img_62a1e3c01176e5ea,2,1,0.055063497275114
RU-A1251,img_98d9bd347e7dca9c,2,1,0.0246018189936876
RU-A1251,img_fc56cd99f782bd0a,2,1,0.0091451369225978
RU-A1251,img_98af12855b0e7a13,2,1,0.0121751409024
RU-A1251,img_db3f7d60f735ecbc,2,1,0.0111266849562525
RU-A1251,img_5666a5cd5bd0e47c,2,1,0.0831304416060447
RU-A1251,img_6a5849527105d664,2,1,0.2341372072696685
RU-A1252,img_64312d924d92e23b,2,0,0.006665592547506
RU-A1252,img_ed9223aa6ace71e9,2,0,0.0766988843679428
RU-A1252,img_549dc037d491a696,2,0,0.022680627182126
RU-A1252,img_4e3b338be34c9d38,2,0,0.0286547318100929
RU-A1252,img_1229ea2445e71815,2,0,0.0048117912374436
RU-A1252,img_3f861a7833361ca2,2,0,0.0271756201982498
RU-A1252,img_a63f7b50351280f1,2,0,0.1568456292152404
RU-A1252,img_63a26b05ae24e71e,2,0,0.0063252579420804
RU-A1252,img_20bf0be79d47c78b,2,0,0.0178610943257808
RU-A1252,img_b11e68f0000cf42d,2,0,0.0022804411128163
RU-A1252,img_ab24060abf7e2b5a,2,0,0.0508676692843437
RU-A1252,img_f3fe90b8d540e894,2,0,0.0045004040002822
RU-A1252,img_d0f362f52a0f8893,2,0,0.0447722785174846
RU-A1252,img_d53477674959abf2,2,0,0.0043819178827106
RU-A1252,img_40eca33277dbef3a,2,0,0.0434165596961975
RU-A1252,img_a8dfa2b3f56a932b,2,0,0.1650239378213882
RU-A1252,img_8e205f4c444de7a7,2,0,0.0051125134341418
RU-A1252,img_101a46fad5805961,2,0,0.001113292761147
RU-A1252,img_84c0e68ffc4e74f7,2,0,0.0008761347853578
RU-A1252,img_6ea321d0ea22adf8,2,0,0.0014222348108887
RU-A1252,img_fadc9151e90eb6be,2,0,0.5872902274131775
RU-A1252,img_2ea72473b736af7f,2,0,0.0601592175662517
RU-A1252,img_f1c1d69ac3d58479,2,0,0.008552448824048
RU-A1252,img_49bb7dff4e6f9a40,2,0,0.0048230378888547
RU-A1252,img_657d8f17dcf690e5,2,0,0.0086248219013214
RU-A1252,img_0f8593592fbe074b,2,0,0.0019117220072075
RU-A1252,img_e40f5ee990f881e9,2,0,0.0080968160182237
RU-A1252,img_cbefeef31ea64e78,2,0,0.0003017663548234
RU-A1252,img_0745a2dbb2e98fd9,2,0,0.0006984445499256
RU-A1252,img_c0cf11b324e4ffe3,2,0,0.0533839128911495
RU-A1252,img_9db3aaf1d03fe174,2,0,0.0141372578218579
RU-A1252,img_5448d64c6289d498,2,0,0.0263401810079813
RU-A1252,img_2b24113199a30b16,2,0,0.0035444393288344
RU-A1252,img_dd4c063159a69006,2,0,0.0012608512770384
RU-A1252,img_e720fe8c0fd5bb6d,2,0,0.5403532981872559
RU-A1252,img_da34bd5c422736bf,2,0,0.0052653579041361
RU-A1252,img_af56dcaa762d52a3,2,0,0.0018047478515654
RU-A1252,img_04eb48325d3eeadf,2,0,0.0031453717965632
RU-A1252,img_47dca7d163b82cea,2,0,0.0050112227909266
RU-A1252,img_4d855547d6d490f2,2,0,0.0016270949272438
