pid,apparent_incision_size,image_score,incision_cm,y
RU-A1014,0.11469128667091837,0.3086573340092905,40.0,0
RU-A1016,0.0893599982606679,0.24594283114790663,,0
RU-A1020,0.06782411625364432,0.060167090944430214,,0
RU-A1028,0.15052016900510204,0.23024061015651873,,0
RU-A1029,0.0759765625,0.11940033126395264,,0
RU-A1030,0.08404084289965985,0.17593255557834775,,0
RU-A1035,0.06868932468820861,0.1275520993398975,,0
RU-A1041,0.08707196821036106,0.22803134570827577,,1
RU-A1042,0.08865593112244899,0.23311161023156507,29.0,1
RU-A1048,0.06016737749787415,0.28919262681369284,,1
RU-A1049,0.0884586256377551,0.05460691883222855,,0
RU-A1050,0.4455018335459184,0.053347345498979,15.0,1
RU-A1052,0.06576517325680271,0.01660209672513698,,0
RU-A1058,0.09556361607142858,0.03326210074590526,22.0,0
RU-A1062,0.06404257015306122,0.09766441077091068,14.0,1
RU-A1064,0.043803810586734694,0.44047451972502233,7.0,0
RU-A1067,0.08638038548752834,0.19279067795178906,,0
RU-A1068,0.08661369123542274,0.0642671837728076,,0
RU-A1069,0.08243732063137756,0.15670914544553066,15.0,0
RU-A1070,0.06977746026295134,0.12462594500865608,25.0,0
RU-A1071,0.17831566220238093,0.5081239401134318,,1
RU-A1072,0.132869798309949,0.1946151633878325,,0
RU-A1073,0.09301621927179964,0.3390373137930271,20.0,0
RU-A1074,0.10661139455782313,0.0681616986637689,23.0,0
RU-A1076,0.13453394052933673,0.49528203747144695,25.0,0
RU-A1078,0.11897122130102042,0.2643695318836792,,1
RU-A1079,0.05360132334183673,0.023812028148720743,10.0,0
RU-A1080,0.03813666801948052,0.22322430546891417,8.0,0
RU-A1082,0.06422316522762951,0.019470043671918718,7.0,0
RU-A1083,0.05215640943877551,0.14000207659167543,,0
RU-A1084,0.08569787835192216,0.14383371999200112,15.0,0
RU-A1085,0.0340359828141783,0.22381104801081952,,0
RU-A1087,0.06499920280612245,0.059459617063253534,23.0,0
RU-A1088,0.046065848214285714,0.0035309918612053725,17.0,0
RU-A1089,0.07086057079081633,0.04352185454990827,36.0,1
RU-A1090,0.05947813695790816,0.0063757101776976,,0
RU-A1091,0.03498352465986394,0.04607706028089319,17.0,0
RU-A1092,0.13530871332908162,0.0011120767327762538,16.0,0
RU-A1094,0.05224609375,0.014041675116459321,19.0,0
RU-A1095,0.07308773118622448,0.0046052004212621105,19.0,0
RU-A1096,0.06513073979591837,0.0026729432886491112,19.5,0
RU-A1098,0.08395697146045919,0.0070934318769609525,18.0,0
RU-A1099,0.06223592952806122,0.015515357894116694,21.5,1
RU-A1100,0.05237563775510204,0.011022785854813096,18.5,0
RU-A1101,0.06334203603316327,0.0026717385277126556,25.0,0
RU-A1103,0.11332775297619048,0.037359874272572625,18.0,0
RU-A1105,0.05281010841836735,0.12816827833392178,15.0,0
RU-A1106,0.12018029868197277,0.035668627329178616,22.0,1
RU-A1107,0.22871990593112246,0.04832397894392666,24.0,0
RU-A1109,0.07071109693877552,0.022531856239462845,8.0,0
RU-A1110,0.0646499322385204,0.0037927190980123976,20.0,0
RU-A1111,0.0825992506377551,0.03601243494868966,18.0,0
RU-A1112,0.06764987244897959,0.004769221055559852,17.0,0
RU-A1113,0.05436065051020408,0.00794656192790875,18.0,0
RU-A1114,0.06434351084183673,0.0042187951540033335,17.0,0
RU-A1115,0.0846265589569161,0.01489869583100594,14.0,0
RU-A1116,0.06818000637755102,0.013844239323437514,,0
RU-A1117,0.12959382971938777,0.010088755780849234,20.0,0
RU-A1118,0.06716358418367346,0.004718999814940566,17.0,0
RU-A1119,0.0648666693239796,0.08461961985320458,15.5,0
RU-A1120,0.10611447704081631,0.009388241806220742,20.0,0
RU-A1122,0.06042729591836734,0.0025546708881832906,17.0,0
RU-A1123,0.051426478794642856,0.03163012996774715,,0
RU-A1125,0.07010323660714286,0.002739563561236605,19.0,0
RU-A1126,0.06786372837178349,0.0075431841741750005,17.0,0
RU-A1127,0.08667241310586735,0.015904374437512674,17.0,0
RU-A1128,0.07976256909013606,0.036709258816872335,18.0,0
RU-A1129,0.07425860969387756,0.005537370677375478,17.0,0
RU-A1130,0.05841248329689018,0.02376279521537481,11.0,0
RU-A1132,0.1529117506377551,0.037453455271605415,10.0,0
RU-A1133,0.0654203087484994,0.0048544303756785125,15.0,0
RU-A1134,0.14893574617346939,0.007270427190329995,17.0,0
RU-A1135,0.08125509318310659,0.02151470785509759,19.0,0
RU-A1136,0.12929488201530612,0.21056358362445987,,0
RU-A1137,0.06229571906887755,0.07091986214288255,10.5,0
RU-A1138,0.13169144610969388,0.037108049475338856,17.0,0
RU-A1139,0.07806022799744898,0.27885124614618284,,0
RU-A1140,0.06772909359056123,0.017466457888228086,,0
RU-A1141,0.09218218537414967,0.008121995180444036,17.0,0
RU-A1142,0.05072893415178571,0.005345960074338183,17.0,0
RU-A1144,0.21031967474489793,0.16500708462343833,23.5,0
RU-A1145,0.07686817402742346,0.017073265469020115,18.5,0
RU-A1146,0.07039022640306122,0.017200473966487224,16.0,0
RU-A1147,0.07779079179748824,0.022380545355858886,15.0,0
RU-A1148,0.07357102997448979,0.004567227376229381,20.0,0
RU-A1149,0.051678093112244895,0.006663258473761506,20.0,0
RU-A1150,0.05728170174319728,0.01359405773914823,11.0,0
RU-A1151,0.08946757413903061,0.6568014714220125,,0
RU-A1152,0.05213249362244898,0.008266817235077382,18.0,0
RU-A1153,0.07308939200680271,0.08643683383194943,27.0,0
RU-A1154,0.06084382971938775,0.003610145369071248,16.0,0
RU-A1155,0.08162158092403629,0.001555931487689676,17.0,0
RU-A1156,0.07140199829931973,0.38937163146490794,16.0,1
RU-A1157,0.06647401147959184,0.053040473323926515,17.0,0
RU-A1158,0.06830556441326531,0.03990646664160519,17.0,0
RU-A1159,0.06070133131377551,0.01773664636006464,16.0,0
RU-A1160,0.08690409757653061,0.1588191454922404,15.0,0
RU-A1161,0.06385190795068027,0.020749151276100313,17.0,0
RU-A1162,0.06254484215561225,0.05652557603221675,17.0,0
RU-A1164,0.05657419217687075,0.045119732202108645,19.0,0
RU-A1165,0.07613699776785714,0.005345267260559479,,0
RU-A1166,0.11055940233236151,0.006341294091090778,18.0,0
RU-A1167,0.16616011639030612,0.003052764288491311,20.0,0
RU-A1168,0.08670978156887756,0.013251588618358118,20.0,0
RU-A1169,0.04985251913265306,0.012720352954551716,20.0,0
RU-A1170,0.11734978589650145,0.11296806975646072,,1
RU-A1171,0.05612743144132653,0.11665868334744622,,0
RU-A1172,0.0719467474489796,0.008368615770930536,17.0,0
RU-A1173,0.07401945153061225,0.0034389679076411617,18.0,0
RU-A1174,0.09012941113945577,0.03752346375272783,23.0,0
RU-A1175,0.09146803252551021,0.021490703246273432,18.0,0
RU-A1176,0.1293508388932496,0.1805632984892599,,0
RU-A1177,0.09875737404336735,0.008990797855959558,16.0,0
RU-A1179,0.044602997448979595,0.010171983102332445,16.0,0
RU-A1180,0.13717713647959184,0.0032679444566383275,,1
RU-A1181,0.14211475605867346,0.04253003132741162,15.0,0
RU-A1182,0.14573202327806123,0.367915574027898,,0
RU-A1183,0.09952467315051021,0.003500607489614659,18.0,0
RU-A1185,0.07408920599489796,0.005908140527127284,20.0,0
RU-A1186,0.053614135386297376,0.010724348168993805,17.0,0
RU-A1187,0.05930956366921769,0.16130331606355292,23.0,0
RU-A1201,0.05001062925170068,0.015134146849740515,,0
RU-A1202,0.09070206207482993,0.0025394272579095964,21.0,0
RU-A1203,0.1132385431851312,0.0070012230955311975,,0
RU-A1205,0.0819947119472789,0.0017126960227094705,,0
RU-A1206,0.08520756935586735,0.5205931358602053,,0
RU-A1207,0.1244220344387755,0.13528291624652747,,0
RU-A1208,0.05758729272959184,0.006247564682126913,,0
RU-A1209,0.056142378826530615,0.003688588031246149,,0
RU-A1210,0.06478794642857143,0.0036404183244586135,,0
RU-A1211,0.13231757546768708,0.006196007304121509,,0
RU-A1212,0.08329537172011661,0.01530187312178055,,0
RU-A1213,0.07531803839957035,0.011906399419301852,,0
RU-A1214,0.05599231880252101,0.005934773961531293,,0
RU-A1215,0.08757481357927786,0.004448497586794532,,0
RU-A1216,0.09307437818877551,0.07880838618714023,,0
RU-A1217,0.09092328337585036,0.002669849564047855,,0
RU-A1218,0.10204330755739796,0.01825731867924985,,0
RU-A1219,0.059161750637755105,0.022442229947556427,,0
RU-A1220,0.11528329371521334,0.04239949906267875,,0
RU-A1221,0.03568771258503401,0.03416673322613789,,0
RU-A1222,0.11608139349489796,0.05440887259576102,,0
RU-A1223,0.06321249202806123,0.007717683621750498,,0
RU-A1224,0.08755580357142857,0.04372387807703082,,0
RU-A1225,0.059560347576530615,0.011822008784494915,,0
RU-A1226,0.07002351721938775,0.0016278807723434747,,0
RU-A1227,0.10669111394557823,0.006810966122497157,,0
RU-A1228,0.10666816442486086,0.028698765205483503,,0
RU-A1229,0.10301339285714287,0.5094805561762769,,1
RU-A1230,0.0692030718537415,0.010938927106845164,,0
RU-A1231,0.05748764349489796,0.012259207432988523,,0
RU-A1232,0.05309311224489796,0.031045512321933647,,0
RU-A1233,0.05266462053571429,0.014011591649755703,,0
RU-A1234,0.0494758450255102,0.00265808487438331,,0
RU-A1235,0.048095703125,0.009268976169500464,,0
RU-A1236,0.05071149553571429,0.001682650726050039,,0
RU-A1237,0.062372448979591835,0.005559785518319851,,0
RU-A1238,0.05229093590561224,0.003022132170750987,,0
RU-A1239,0.096636506164966,0.04265169383446237,,0
RU-A1240,0.05578031994047619,0.035869134935132385,,1
RU-A1241,0.0726303411989796,0.0065780182512803695,,0
RU-A1242,0.09245655293367347,0.007675587408468504,,0
RU-A1243,0.06631988732993198,0.010755360128499578,17.0,0
RU-A1244,0.08786272321428572,0.007611748959930551,16.0,0
RU-A1245,0.08610889668367347,0.0032144094536811435,17.0,0
RU-A1246,0.032944036989795915,0.002759614198667863,,0
RU-A1248,0.058059630102040814,0.0021622159234538645,16.0,0
RU-A1249,0.05759725765306123,0.003428547160998094,20.0,0
RU-A1250,0.06490788787105752,0.009822969657357603,17.0,0
RU-A1251,0.04133143642072213,0.027583687782315108,15.0,1
RU-A1252,0.06048957669005102,0.00856856938692718,17.0,0
RU-A1254,0.06765740150226757,0.005943408294496932,17.0,0
RU-A1255,0.06730752196712018,0.027143355467393233,18.0,0
RU-A1257,0.10110411352040818,0.3075133941449975,,0
RU-A1258,0.06513472576530613,0.006327826201353022,,0
RU-A1259,0.1094547193877551,0.0039568754721888534,19.0,0
RU-A1260,0.047243702168367346,0.0031210731983971848,15.0,0
RU-A1261,0.10090282206632653,0.020998084446728134,18.0,0
RU-A1262,0.06047836615114796,0.01823647916906006,,0
RU-A1263,0.07650761626766091,0.0024089187414986263,18.0,0
RU-A1264,0.04645913052721088,0.028148941550975196,7.0,0
RU-A1265,0.061103098910018555,0.0040707808380425516,17.0,0
RU-A1266,0.05146882971938775,0.011139065992251203,15.0,0
RU-A1267,0.05774673150510204,0.004372732484651109,17.0,0
RU-A1268,0.04029815051020408,0.050820447566643924,11.3,0
RU-A1269,0.06691113945578232,0.0072713494685299985,17.0,0
RU-A1270,0.05056926890074211,0.004146362708356713,19.0,0
RU-A1271,0.027996452487244895,0.2434798523673736,13.0,0
RU-A1272,0.06057819333090379,0.005191396351865297,17.0,0
RU-A1273,0.05676786940737833,0.009081476067884531,,0
RU-A1274,0.06384449813579278,0.030943431641902924,,0
RU-A1275,0.03313337053571429,0.24395083811396034,22.0,1
RU-A1276,0.09574497767857143,0.013348254002832776,17.0,0
RU-A1277,0.07036431760204082,0.04393823062375503,17.0,0
RU-A1278,0.07502092633928571,0.2934073894442311,23.0,0
RU-A1279,0.06598506590136054,0.009768929632450397,,0
RU-A1280,0.06694435586734694,0.016005522509658435,,0
RU-A1281,0.05923648756377551,0.01378623410356436,,0
RU-A1282,0.10940290178571428,0.004464234614698797,,0
RU-A1283,0.07959482621173469,0.003904697054292338,,0
RU-A1284,0.04526732568027211,0.03681680000817808,,0
RU-A1307,0.03441884566326531,0.0027907580608572697,16.0,0
RU-A1310,0.04368622448979592,0.0013892540291635357,17.0,0
RU-A1311,0.04214166135204081,0.019217616138727522,18.0,0
RU-A1345,0.08556879783163265,0.02051704701463875,14.0,1
RU-A1347,0.10560825892857142,0.40525412249068415,34.0,1
RU-A1081,,0.11568823651090393,16.5,0
RU-A1131,,0.08008978463850797,,0
RU-A1304,,0.0857732924050651,,0
RU-A1308,,0.18655641029646275,32.0,1
