component,auroc,delta,note
clinical refit OLD labels / scored OLD,0.7466,,published value
clinical refit OLD labels / scored FINAL,0.7153,-0.0313,evaluation effect only (label flips)
clinical refit FINAL labels / scored FINAL,0.6641,-0.0512,additional refit effect
flip RU-A1106 only (neg->SSI) evaluation,0.7304,-0.0162,patient sits at 19th pct of clinical score
flip RU-A1107 only (SSI->neg) evaluation,0.7316,-0.0150,patient sits at 95th pct of clinical score
clinical FINAL cv_seed 20260807,0.6641,,partition sensitivity
clinical FINAL cv_seed 42,0.6482,,partition sensitivity
clinical FINAL cv_seed 7,0.7225,,partition sensitivity
clinical FINAL cv_seed 2024,0.7630,,partition sensitivity
clinical FINAL cv_seed 1,0.7350,,partition sensitivity
