pid,y_true,score_mean,score_latest,n_images_thru_pod7,fold
RU-A1014,0,0.2829216864033865,0.30412856828317875,6,0
RU-A1016,0,0.3119638642503156,0.4083049688488245,5,1
RU-A1020,0,0.060167090944430214,0.027330033434231526,7,3
RU-A1028,0,0.23024061015651873,0.20541199177710545,4,4
RU-A1029,0,0.18896394001031122,0.2984451715213557,6,4
RU-A1030,0,0.25980125165521406,0.5221845542805063,4,1
RU-A1035,0,0.03971705817686458,0.06426235649269069,3,4
RU-A1041,1,0.182937649094542,0.15070333225756052,11,4
RU-A1048,1,0.2276146120049681,0.49474229518738055,12,0
RU-A1049,0,0.05460691883222855,0.1754630913168916,8,1
RU-A1050,1,0.053347345498979,0.05502654072026614,2,3
RU-A1052,0,0.019720998041894807,0.007714137122497417,10,2
RU-A1058,0,0.04449229878593572,0.05204536950461459,12,2
RU-A1062,1,0.07833438945044688,0.13320437119101472,4,2
RU-A1064,0,0.5326281910270659,0.55394061240885,4,3
RU-A1067,0,0.3138549643666642,0.007899117792337327,5,1
RU-A1068,0,0.0844335115902797,0.272552571259439,8,2
RU-A1069,0,0.18940680662402612,0.4024595956369821,12,3
RU-A1070,0,0.15867582771354335,0.40978755046510035,10,4
RU-A1071,1,0.5081239401134318,0.39714849811409497,6,0
RU-A1072,0,0.1946151633878325,0.2621291814947553,8,0
RU-A1073,0,0.4734223225551966,0.5917798814674219,7,4
RU-A1074,0,0.09767025024039964,0.247678496926609,4,2
RU-A1076,0,0.731817115098238,0.8182898528046079,4,1
RU-A1078,1,0.3952268772191019,0.45628451791384983,4,0
RU-A1079,0,0.022892534902898817,0.0003875784741972164,8,0
RU-A1080,0,0.3904556197233399,0.8344179722997878,6,3
RU-A1081,0,0.11568823651090393,0.025880798863605937,4,0
RU-A1082,0,0.026149135016712947,0.15637038257813804,9,2
RU-A1083,0,0.14000207659167543,0.07100285550889865,4,0
RU-A1084,0,0.05456225673753047,0.32264220345597194,9,4
RU-A1085,0,0.22510900297176667,0.06547324919382741,17,3
RU-A1087,0,0.13370841304842743,0.18629583153718463,4,0
RU-A1089,1,0.04352185454990827,0.028708688492770265,2,1
RU-A1090,0,0.008637713969619612,0.011107476540322108,2,1
RU-A1091,0,0.03645218534883391,0.02284619002441302,2,4
RU-A1092,0,0.0019298171173431486,0.0017338235176995777,2,2
RU-A1095,0,0.0008163286739646261,0.0008968906412418101,2,3
RU-A1096,0,0.004568753479487761,0.0021475981330796143,4,0
RU-A1098,0,0.0070934318769609525,0.010895366365730252,8,3
RU-A1100,0,0.002175841692708942,0.0008603086206574969,2,2
RU-A1101,0,0.0030360013353805905,0.0026885862251017486,4,4
RU-A1103,0,0.03939364718047979,0.024631540073541,5,0
RU-A1105,0,0.10707763778595508,0.10707763778595508,1,4
RU-A1107,0,0.04832397894392666,0.11394130838097122,4,0
RU-A1109,0,0.022531856239462845,0.0177294982454946,2,1
RU-A1110,0,0.0037927190980123976,0.009659265638927291,8,3
RU-A1111,0,0.04184693394779932,0.008457764444756275,12,1
RU-A1112,0,0.006152703555926521,0.013318368218379933,4,4
RU-A1113,0,0.01711680048007713,0.002488905666622342,4,3
RU-A1114,0,0.0037270273299882936,0.005064781910631465,8,2
RU-A1115,0,0.010745360838579129,0.006792779045806782,4,3
RU-A1116,0,0.008487766686913409,0.01926778990633057,4,0
RU-A1117,0,0.021190573478432024,0.011113100149992079,4,3
RU-A1118,0,0.004718999814940566,0.0036928872513170333,2,4
RU-A1119,0,0.2629842413055788,0.2807266913005151,2,3
RU-A1120,0,0.009318597765777046,0.0021233817246771192,6,1
RU-A1122,0,0.002012801802670207,0.0026758022900644413,2,3
RU-A1123,0,0.005514226482672567,0.00411143218641676,2,2
RU-A1126,0,0.005838467257754528,0.03492323214433977,13,2
RU-A1127,0,0.016674753082236676,0.04510854738247058,12,0
RU-A1128,0,0.06605878724205162,0.17514637598489774,6,0
RU-A1129,0,0.0043517293899420885,0.002981407845355606,12,3
RU-A1130,0,0.029928348067689545,0.00034225728829063366,16,3
RU-A1131,0,0.05066702936865445,0.0064893946166395605,3,3
RU-A1132,0,0.037453455271605415,0.02482574409785024,6,4
RU-A1133,0,0.0026495979471999253,0.005624287543064854,10,2
RU-A1134,0,0.007270427190329995,0.021084289877358536,4,4
RU-A1135,0,0.012070697031929752,0.023936972167575662,10,1
RU-A1136,0,0.21056358362445987,0.2681879419184649,4,0
RU-A1137,0,0.07091986214288255,0.06415590805570692,6,3
RU-A1138,0,0.037108049475338856,0.04675689223869181,4,4
RU-A1139,0,0.2954521789329264,0.40133102018282646,14,3
RU-A1140,0,0.032436711801185236,0.02225948518349059,4,4
RU-A1141,0,0.008792729544855587,0.0011671943375403911,8,2
RU-A1142,0,0.0017661635140231696,0.0004946706990772549,3,2
RU-A1144,0,0.16500708462343833,0.09550218278309325,4,1
RU-A1145,0,0.01818807822185168,0.0032762230491950885,14,2
RU-A1146,0,0.016265726873307833,0.037194849457995956,8,0
RU-A1147,0,0.039184941534929504,0.007580191521962321,5,0
RU-A1148,0,0.004567227376229381,0.005003637217062797,4,2
RU-A1149,0,0.006663258473761506,0.010616452255716322,2,2
RU-A1150,0,0.01359405773914823,0.006632155681371699,6,0
RU-A1152,0,0.01181764916910412,0.016207118919636596,6,1
RU-A1153,0,0.12365869669904186,0.23918449066978711,2,3
RU-A1154,0,0.004880160961655948,0.008136226369565992,6,2
RU-A1155,0,0.001537475112450476,0.001410790217859211,6,1
RU-A1156,1,0.368640776057469,0.41930780464220635,6,4
RU-A1157,0,0.03148474426786744,0.008107386690729336,6,3
RU-A1158,0,0.06488606676255043,0.18010591815497412,6,2
RU-A1159,0,0.004113494219402295,0.013630987361668467,5,1
RU-A1160,0,0.1588191454922404,0.3167212570293082,4,2
RU-A1161,0,0.029425752969877438,0.0673565128042052,4,1
RU-A1162,0,0.10832699765055788,0.009587039669794496,6,3
RU-A1164,0,0.07604200295155701,0.19316603267927546,5,4
RU-A1165,0,0.005345267260559479,0.011173574816590745,4,1
RU-A1166,0,0.004907505165765173,0.008274009658230632,6,2
RU-A1167,0,0.003052764288491311,0.004267099295652225,4,4
RU-A1168,0,0.01372926101241854,0.022804652939763966,6,1
RU-A1169,0,0.015747106903455026,0.03309994721348626,4,0
RU-A1170,1,0.11756015185715615,0.010235732634707001,8,4
RU-A1171,0,0.11665868334744622,0.2392410144934224,4,2
RU-A1172,0,0.008368615770930536,0.008505369195417034,8,1
RU-A1173,0,0.0034389679076411617,0.007338046553033707,6,0
RU-A1174,0,0.03752346375272783,0.026880523008811767,10,1
RU-A1175,0,0.021490703246273432,0.05495403992083281,6,4
RU-A1176,0,0.1805632984892599,0.26274374106691945,13,4
RU-A1177,0,0.008990797855959558,0.010361097798320527,4,3
RU-A1179,0,0.010171983102332445,0.007334787332688856,4,2
RU-A1180,1,0.0032679444566383275,0.0028731232758016085,2,0
RU-A1181,0,0.04253003132741162,0.0447701050981979,4,0
RU-A1182,0,0.367915574027898,0.22775130545616978,4,4
RU-A1183,0,0.003500607489614659,0.005616690139100235,4,2
RU-A1185,0,0.005908140527127284,0.015130345509128836,4,1
RU-A1186,0,0.0053079304686889026,0.001708171785139676,8,2
RU-A1187,0,0.31758917186622665,0.0914220760815725,6,3
RU-A1201,0,0.015134146849740515,0.05479033752797271,6,2
RU-A1202,0,0.0026047407102042348,0.00024898844852331886,10,1
RU-A1203,0,0.00818663908274979,0.005133162419951954,4,4
RU-A1205,0,0.002436334693862143,0.001837788236217468,4,3
RU-A1206,0,0.24062459864917732,0.02125406861483089,3,0
RU-A1207,0,0.2394784760697264,0.06270458754281402,6,4
RU-A1208,0,0.006566341859236944,0.004559240278871953,10,4
RU-A1209,0,0.0009913009535959093,0.00030708055934760474,4,2
RU-A1210,0,0.002279523738985075,0.0009823707993442516,8,3
RU-A1211,0,0.0035471646901391153,0.0048832633846258005,4,1
RU-A1212,0,0.009010505490186883,0.00942902201333908,10,0
RU-A1213,0,0.014397812234367107,0.05893744789743016,13,4
RU-A1214,0,0.008420157748357941,0.007175016461890911,12,3
RU-A1215,0,0.0011955136125152083,0.0010125455566796324,4,4
RU-A1216,0,0.024626391924862674,0.053501069114038964,6,1
RU-A1217,0,0.0035723634957354707,0.009170285082089065,6,4
RU-A1218,0,0.015878234638354007,0.010146550631664739,6,0
RU-A1219,0,0.004394437489092184,0.0037029319868855945,4,0
RU-A1220,0,0.06491666653012844,0.03012440135353241,6,2
RU-A1222,0,0.05440887259576102,0.09729692525191541,4,4
RU-A1223,0,0.007717683621750498,0.009841304903602537,4,0
RU-A1224,0,0.0043972148817677335,0.0014872141627064045,4,0
RU-A1225,0,0.011822008784494915,0.009169223670647183,2,0
RU-A1226,0,0.0016278807723434747,0.0004076694050859625,4,0
RU-A1227,0,0.00909974559519668,0.01168814317134088,4,3
RU-A1228,0,0.048141283233218424,0.12779961183615443,6,2
RU-A1229,1,0.6025248994636867,0.7471357037623724,4,4
RU-A1230,0,0.015717726425093632,0.004431182861379811,6,4
RU-A1231,0,0.01709844479864838,0.017088739418694654,2,2
RU-A1232,0,0.003425987823271059,0.003659581913780096,2,1
RU-A1233,0,0.012554193804034035,0.011794827046994878,2,0
RU-A1234,0,0.00265808487438331,0.0004982310589790708,4,1
RU-A1236,0,0.001682650726050039,0.0017766622915789394,2,3
RU-A1237,0,0.004256361486922147,0.009280278702337611,4,2
RU-A1238,0,0.002418570617666955,0.0024685547901349583,2,1
RU-A1239,0,0.04265169383446237,0.002814117516714303,6,3
RU-A1240,1,0.026424823135163922,0.0390277235969228,6,3
RU-A1241,0,0.00623593913289567,0.01052521976008489,4,2
RU-A1242,0,0.013575183936659872,0.003165209968250911,4,1
RU-A1243,0,0.015438184061706625,0.00831246613314656,6,1
RU-A1244,0,0.014513337584048673,0.0006392879349731999,4,3
RU-A1245,0,0.002587185770877348,0.0030830674768367056,6,2
RU-A1246,0,0.002759614198667863,0.0024831370828905554,4,2
RU-A1249,0,0.0032041423272857693,0.005828096573370355,10,3
RU-A1250,0,0.005857713072911087,0.003496803808553076,7,2
RU-A1251,1,0.02223232192395302,0.03890085620514579,18,2
RU-A1252,0,0.00847759299033942,0.0180047083639591,4,2
RU-A1254,0,0.0050233044177729865,0.0007267013226939264,5,3
RU-A1255,0,0.023036395860268948,0.012667357139030635,10,1
RU-A1257,0,0.3075133941449975,0.030808712506162256,5,0
RU-A1258,0,0.00475354631594702,0.005503284825762277,3,0
RU-A1259,0,0.0013111097692267474,0.0005658526800591915,2,3
RU-A1261,0,0.00710326431403191,0.0076738077186746,4,4
RU-A1262,0,0.019811312752578143,0.003215899538998967,10,4
RU-A1263,0,0.00286737903031227,0.0028031278960851135,8,3
RU-A1264,0,0.041445966537206946,0.015378230959565023,9,4
RU-A1265,0,0.002446098603185283,0.0007013109918463623,7,0
RU-A1266,0,0.014291420536277683,0.0005526482651071191,6,1
RU-A1267,0,0.005140820638896671,0.011782910855496653,6,2
RU-A1268,0,0.050820447566643924,0.1227495404244918,4,4
RU-A1269,0,0.0072713494685299985,0.0003008496989625267,9,1
RU-A1270,0,0.0024307296918613425,0.0026515373291557316,5,4
RU-A1271,0,0.2434798523673736,0.10924340437890752,4,1
RU-A1272,0,0.010701384957832858,0.017849720161999937,2,1
RU-A1273,0,0.006587060832543974,0.0014010564249878578,8,4
RU-A1274,0,0.04164272198493471,0.00911369888934937,9,1
RU-A1275,1,0.24395083811396034,0.25095268109402646,2,0
RU-A1276,0,0.00861303459179095,0.001120824595697384,6,0
RU-A1277,0,0.05219105222791613,0.011015974845374985,8,1
RU-A1278,0,0.3337003074533034,0.5707026824562086,4,0
RU-A1279,0,0.0074020598427079025,0.00975663499957588,9,0
RU-A1280,0,0.016005522509658435,0.02596220117185209,2,3
RU-A1281,0,0.026375260566257712,0.010888864113237766,2,3
RU-A1282,0,0.004464234614698797,0.006182965615860426,6,2
RU-A1283,0,0.004576506666056573,0.001079987023937638,6,4
RU-A1284,0,0.0007479228179742192,0.0008789853404525394,2,1
