pid,y_true,score,n,fold
RU-A1014,0,0.29367844005416066,2,0
RU-A1016,0,0.45104961283504963,3,1
RU-A1028,0,0.20162848099587588,2,4
RU-A1029,0,0.3432540523871366,2,4
RU-A1030,0,0.5128601749117176,2,1
RU-A1041,1,0.11537717277598047,3,4
RU-A1042,1,0.12996232623441348,2,2
RU-A1049,0,0.16433628755071872,2,1
RU-A1050,1,0.053347345498979,2,3
RU-A1052,0,0.007714137122497417,1,2
RU-A1058,0,0.03938868449040451,2,2
RU-A1064,0,0.4897460092842165,2,3
RU-A1068,0,0.2530583907953567,2,2
RU-A1069,0,0.3886016540410411,2,3
RU-A1070,0,0.41205268188948846,2,4
RU-A1071,1,0.40373044538190933,3,0
RU-A1072,0,0.2775396316497386,2,0
RU-A1073,0,0.5649847879798876,2,4
RU-A1074,0,0.19414499789127146,2,2
RU-A1076,0,0.7663152035739687,2,1
RU-A1078,1,0.44474865472067093,2,0
RU-A1079,0,0.0003875784741972164,1,0
RU-A1081,0,0.022867685273973173,2,0
RU-A1082,0,0.15637038257813804,1,2
RU-A1083,0,0.0671612668342681,2,0
RU-A1084,0,0.05711575075636369,2,4
RU-A1085,0,0.040062912582849664,2,3
RU-A1087,0,0.22462677299821127,2,0
RU-A1092,0,0.0019298171173431486,2,2
RU-A1098,0,0.005863347082696296,2,3
RU-A1103,0,0.002669149829010728,2,0
RU-A1106,1,0.00047663837317989284,2,3
RU-A1107,0,0.007248642189299219,2,0
RU-A1109,0,0.022531856239462845,2,1
RU-A1111,0,0.027047165996716794,2,1
RU-A1114,0,0.0022609289513234308,2,2
RU-A1115,0,0.0051483105898012934,2,3
RU-A1117,0,0.03084071087525643,2,3
RU-A1120,0,0.020974334636182156,2,1
RU-A1126,0,0.02476756920077599,2,2
RU-A1127,0,0.02415911491652874,2,0
RU-A1128,0,0.006931337875029242,2,0
RU-A1129,0,0.0015516357361775195,2,3
RU-A1130,0,0.000907120127597687,2,3
RU-A1132,0,0.019581997535775938,2,4
RU-A1134,0,0.012825177642500588,2,4
RU-A1135,0,0.03456103090300323,2,1
RU-A1136,0,0.3114253862690425,2,0
RU-A1137,0,0.07960388506439303,2,3
RU-A1138,0,0.05907800873117387,2,4
RU-A1139,0,0.4375740955454401,2,3
RU-A1140,0,0.03593763096149708,2,4
RU-A1141,0,0.001720332935999734,2,2
RU-A1144,0,0.1006696114264842,2,1
RU-A1145,0,0.0035756952379920335,2,2
RU-A1146,0,0.029567221326336317,2,0
RU-A1147,0,0.006179732464362202,2,0
RU-A1148,0,0.0043966359084555715,2,2
RU-A1150,0,0.005972580078681214,2,0
RU-A1152,0,0.02327191404563358,2,1
RU-A1154,0,0.008114639747974318,2,2
RU-A1155,0,0.0010160324620502833,2,1
RU-A1156,1,0.0971327506752762,2,4
RU-A1157,0,0.006499498254925083,2,3
RU-A1158,0,0.18089153461106533,2,2
RU-A1159,0,0.009004186422518773,2,1
RU-A1160,0,0.2644089418463409,2,2
RU-A1161,0,0.05387316120646167,2,1
RU-A1162,0,0.009610648541032137,2,3
RU-A1165,0,0.009137613030260434,2,1
RU-A1166,0,0.008342653507295593,2,2
RU-A1167,0,0.0048821284544828415,2,4
RU-A1168,0,0.03492551636979135,2,1
RU-A1170,1,0.01794439251312314,2,4
RU-A1171,0,0.21889366731435683,2,2
RU-A1172,0,0.0258715459616117,2,1
RU-A1173,0,0.00905534316916596,2,0
RU-A1174,0,0.018936183154841635,2,1
RU-A1175,0,0.06114045313127761,2,4
RU-A1176,0,0.011447469408772577,2,4
RU-A1177,0,0.016171773672491882,2,3
RU-A1180,1,0.0032679444566383275,2,0
RU-A1181,0,0.03538094052894137,2,0
RU-A1182,0,0.20761289981762981,2,4
RU-A1183,0,0.006247416998323544,2,2
RU-A1185,0,0.010104748282174083,2,1
RU-A1186,0,0.002167653599422481,2,2
RU-A1201,0,0.03351892556707345,2,2
RU-A1202,0,0.005566555441570578,2,1
RU-A1203,0,0.004802347369857428,2,4
RU-A1205,0,0.004306196936037505,2,3
RU-A1207,0,0.0717366247732166,2,4
RU-A1208,0,0.0035861858185752262,2,4
RU-A1210,0,0.0008576813442130889,2,3
RU-A1211,0,0.005516036298003056,2,1
RU-A1212,0,0.010315913715102263,2,0
RU-A1213,0,0.05736729671722663,2,4
RU-A1214,0,0.008253335586131328,2,3
RU-A1215,0,0.0011291002669824373,2,4
RU-A1216,0,0.059288771735737045,2,1
RU-A1217,0,0.009103746460823417,2,4
RU-A1218,0,0.007460731807037071,2,0
RU-A1220,0,0.16693214549215754,2,2
RU-A1222,0,0.10366676609555724,2,4
RU-A1223,0,0.014095574315130418,2,0
RU-A1224,0,0.001513631653021208,2,0
RU-A1227,0,0.017464296413891092,2,3
RU-A1228,0,0.13592476519342095,2,2
RU-A1229,1,0.7221266567293141,2,4
RU-A1230,0,0.0034518700378813926,2,4
RU-A1234,0,0.0005018587574643722,2,1
RU-A1237,0,0.0071561431314976845,2,2
RU-A1239,0,0.003826597085410118,2,3
RU-A1240,1,0.03660582595693991,2,3
RU-A1241,0,0.011764656045771572,2,2
RU-A1242,0,0.003207427717522121,2,1
RU-A1243,0,0.011947054624518654,2,1
RU-A1244,0,0.001127086062297117,2,3
RU-A1245,0,0.003184032995300657,2,2
RU-A1246,0,0.0018487372128421773,2,2
RU-A1249,0,0.003979433657352429,2,3
RU-A1250,0,0.0029392556011265643,2,2
RU-A1251,1,0.029677139518349126,2,2
RU-A1252,0,0.014908829885017485,2,2
RU-A1254,0,0.003727635133145629,2,3
RU-A1255,0,0.012106765950900558,2,1
RU-A1258,0,0.005503284825762277,1,0
RU-A1259,0,0.0005658526800591915,1,3
RU-A1261,0,0.01335179773418021,2,4
RU-A1262,0,0.002191704972776428,2,4
RU-A1264,0,0.014319877757871888,2,4
RU-A1265,0,0.004309118068603172,2,0
RU-A1266,0,0.03589503958169689,2,1
RU-A1268,0,0.09620577506332965,2,4
RU-A1276,0,0.005311877353202933,2,0
RU-A1277,0,0.01257259993690236,2,1
RU-A1278,0,0.5826920569201725,2,0
RU-A1279,0,0.0018457677731801231,2,0
RU-A1308,1,0.1604652039612928,2,3
RU-A1345,1,0.03973699862318522,2,1
RU-A1347,1,0.40525412249068415,2,0
