pid,rgb_post_closure_score,rgb_pre_closure_score,n_post_closure,n_pre_closure,y_true,fold
RU-A1014,0.571927,0.343602,2.0,2.0,0,0
RU-A1016,0.679393,0.98716,2.0,3.0,0,1
RU-A1028,0.604454,0.599147,2.0,2.0,0,4
RU-A1029,0.534052,0.954194,2.0,2.0,0,4
RU-A1030,0.150282,0.888093,2.0,2.0,0,1
RU-A1035,0.043777,,3.0,,0,4
RU-A1041,0.532598,0.256865,2.0,3.0,1,4
RU-A1042,0.007956,0.778536,2.0,2.0,1,2
RU-A1048,0.036189,,2.0,,1,0
RU-A1049,0.619614,0.449271,2.0,2.0,0,1
RU-A1050,,0.028021,,2.0,1,3
RU-A1052,0.007122,0.012591,2.0,1.0,0,2
RU-A1058,0.006046,0.641772,2.0,2.0,0,2
RU-A1062,0.395305,,2.0,,1,2
RU-A1064,0.939877,0.759767,2.0,2.0,0,3
RU-A1068,0.008612,0.501693,2.0,2.0,0,2
RU-A1069,0.816895,0.860837,2.0,2.0,0,3
RU-A1070,0.757198,0.334276,2.0,2.0,0,4
RU-A1071,0.704798,0.741439,3.0,3.0,1,0
RU-A1072,0.077616,0.641011,2.0,2.0,0,0
RU-A1073,0.868894,0.927754,3.0,2.0,0,4
RU-A1074,0.000279,0.023568,2.0,2.0,0,2
RU-A1076,0.845996,0.9916,2.0,2.0,0,1
RU-A1078,0.025549,0.95364,2.0,2.0,1,0
RU-A1079,4.4e-05,0.005928,1.0,1.0,0,0
RU-A1080,0.978075,,2.0,,0,3
RU-A1081,0.293015,0.817506,2.0,2.0,0,0
RU-A1082,0.068669,0.220029,2.0,1.0,0,2
RU-A1083,0.392634,0.014094,2.0,2.0,0,0
RU-A1084,0.038062,0.580274,2.0,2.0,0,4
RU-A1085,0.023641,0.000958,2.0,2.0,0,3
RU-A1087,0.019673,0.399576,2.0,2.0,0,0
RU-A1089,0.071151,,2.0,,1,1
RU-A1092,,0.000353,,2.0,0,2
RU-A1098,0.011752,0.016912,2.0,2.0,0,3
RU-A1099,0.040624,,2.0,,1,2
RU-A1103,0.003266,0.00114,2.0,2.0,0,0
RU-A1106,0.009961,0.032991,2.0,2.0,0,3
RU-A1107,0.301409,0.03836,2.0,1.0,1,0
RU-A1109,,0.392101,,2.0,0,1
RU-A1110,0.034611,,2.0,,0,3
RU-A1111,0.000421,0.000342,2.0,2.0,0,1
RU-A1114,0.086229,0.00119,2.0,2.0,0,2
RU-A1115,0.407795,0.154473,2.0,2.0,0,3
RU-A1117,0.028814,0.004793,2.0,2.0,0,3
RU-A1118,0.008872,,2.0,,0,4
RU-A1120,0.001895,0.015536,2.0,2.0,0,1
RU-A1126,0.012648,0.082185,2.0,2.0,0,2
RU-A1127,0.001063,0.001839,2.0,2.0,0,0
RU-A1128,0.012953,0.001354,2.0,2.0,0,0
RU-A1129,0.006993,0.020904,2.0,1.0,0,3
RU-A1130,0.002263,0.002778,2.0,2.0,0,3
RU-A1132,0.002649,0.003352,2.0,2.0,0,4
RU-A1133,0.017121,,2.0,,0,2
RU-A1134,0.000173,0.003272,2.0,2.0,0,4
RU-A1135,0.002123,0.08509,2.0,2.0,0,1
RU-A1136,0.00625,0.441863,2.0,2.0,0,0
RU-A1138,0.000381,0.00153,2.0,2.0,0,4
RU-A1139,0.528141,0.809376,2.0,2.0,0,3
RU-A1140,0.010563,0.120099,2.0,2.0,0,4
RU-A1141,0.009435,0.000476,2.0,2.0,0,2
RU-A1142,0.000538,,2.0,,0,2
RU-A1144,0.579506,0.883135,2.0,2.0,0,1
RU-A1145,0.009011,0.004134,2.0,2.0,0,2
RU-A1146,0.003099,0.020171,2.0,2.0,0,0
RU-A1147,0.21028,0.015056,2.0,2.0,0,0
RU-A1148,0.005105,0.006931,2.0,2.0,0,2
RU-A1150,0.020011,0.005282,2.0,2.0,0,0
RU-A1152,0.340732,0.288813,2.0,2.0,0,1
RU-A1154,0.005907,0.001204,2.0,2.0,0,2
RU-A1155,0.012529,0.011016,2.0,2.0,0,1
RU-A1156,0.927005,0.095014,2.0,2.0,1,4
RU-A1157,0.003439,0.058054,2.0,2.0,0,3
RU-A1158,0.028976,0.444537,2.0,2.0,0,2
RU-A1159,0.00436,0.027805,2.0,2.0,0,1
RU-A1160,0.003708,0.928861,2.0,2.0,0,2
RU-A1161,0.020625,0.711179,2.0,2.0,0,1
RU-A1162,0.681507,0.172933,2.0,2.0,0,3
RU-A1164,0.032276,,2.0,,0,4
RU-A1165,0.115893,0.075639,2.0,2.0,0,1
RU-A1166,0.012618,0.002076,2.0,2.0,0,2
RU-A1167,0.001728,0.031725,2.0,2.0,0,4
RU-A1168,0.000952,0.046494,2.0,2.0,0,1
RU-A1169,0.006129,,2.0,,0,0
RU-A1170,0.069327,0.085219,2.0,2.0,1,4
RU-A1171,0.003167,0.618278,2.0,2.0,0,2
RU-A1172,0.267892,0.297008,2.0,2.0,0,1
RU-A1173,0.00022,0.047761,2.0,2.0,0,0
RU-A1174,0.033425,0.136285,2.0,2.0,0,1
RU-A1175,0.010997,0.053261,1.0,2.0,0,4
RU-A1176,0.109911,0.724913,2.0,2.0,0,4
RU-A1177,0.001166,0.016789,2.0,2.0,0,3
RU-A1179,0.021001,,2.0,,0,2
RU-A1181,0.011775,0.012326,2.0,2.0,0,0
RU-A1182,0.540227,0.692257,2.0,2.0,0,4
RU-A1183,0.001782,0.018572,2.0,2.0,0,2
RU-A1185,0.063824,0.05799,2.0,2.0,0,1
RU-A1186,0.00094,0.004743,2.0,2.0,0,2
RU-A1201,0.001039,0.400614,2.0,2.0,0,2
RU-A1202,0.023368,0.027265,2.0,2.0,0,1
RU-A1203,0.002791,0.000327,2.0,2.0,0,4
RU-A1205,0.000741,0.003932,2.0,2.0,0,3
RU-A1206,0.016283,,2.0,,0,0
RU-A1207,0.370831,0.195629,2.0,2.0,0,4
RU-A1208,0.003568,0.001024,2.0,2.0,0,4
RU-A1209,0.000579,,2.0,,0,2
RU-A1210,0.014481,0.006072,2.0,2.0,0,3
RU-A1211,0.000938,0.019977,2.0,2.0,0,1
RU-A1212,0.000617,0.262135,2.0,2.0,0,0
RU-A1213,0.003295,0.002326,2.0,2.0,0,4
RU-A1214,0.001741,0.078341,2.0,2.0,0,3
RU-A1215,0.001596,0.007992,2.0,2.0,0,4
RU-A1216,0.065542,0.061915,2.0,2.0,0,1
RU-A1217,0.001334,0.000208,2.0,2.0,0,4
RU-A1218,0.000478,0.024634,2.0,2.0,0,0
RU-A1219,0.000378,,2.0,,0,0
RU-A1220,0.001402,0.039777,2.0,2.0,0,2
RU-A1222,0.008052,0.004107,2.0,2.0,0,4
RU-A1223,0.00637,0.021384,2.0,2.0,0,0
RU-A1224,,0.022264,,2.0,0,0
RU-A1225,0.002247,,2.0,,0,0
RU-A1226,0.000767,,2.0,,0,0
RU-A1227,0.003132,0.012119,2.0,2.0,0,3
RU-A1228,0.001531,0.251596,2.0,2.0,0,2
RU-A1229,0.506044,0.542187,2.0,2.0,1,4
RU-A1230,0.000565,0.002428,2.0,2.0,0,4
RU-A1234,0.040884,0.279385,2.0,2.0,0,1
RU-A1236,0.007253,,2.0,,0,3
RU-A1237,0.004048,0.019282,2.0,2.0,0,2
RU-A1239,0.008994,0.032432,2.0,2.0,0,3
RU-A1240,0.629344,0.175954,2.0,2.0,1,3
RU-A1241,0.002572,0.016386,2.0,2.0,0,2
RU-A1242,0.004436,0.031687,2.0,2.0,0,1
RU-A1243,0.205048,0.019128,2.0,2.0,0,1
RU-A1244,0.153161,0.003858,2.0,2.0,0,3
RU-A1245,0.00149,0.003706,2.0,2.0,0,2
RU-A1246,0.002029,0.006476,2.0,2.0,0,2
RU-A1249,0.008888,0.019681,2.0,2.0,0,3
RU-A1250,0.008658,0.005312,2.0,2.0,0,2
RU-A1251,0.004546,0.019087,2.0,2.0,1,2
RU-A1252,0.000702,0.016937,2.0,2.0,0,2
RU-A1254,0.000382,0.017988,2.0,2.0,0,3
RU-A1255,0.111712,0.042482,2.0,2.0,0,1
RU-A1258,0.003369,0.004067,1.0,1.0,0,0
RU-A1259,0.000953,0.01467,1.0,1.0,0,3
RU-A1261,0.000588,0.004926,2.0,2.0,0,4
RU-A1262,0.010598,0.000548,2.0,2.0,0,4
RU-A1263,0.000346,,2.0,,0,3
RU-A1264,0.001345,0.045346,2.0,2.0,0,4
RU-A1265,0.014199,0.000559,1.0,2.0,0,0
RU-A1266,0.575536,0.164415,2.0,2.0,0,1
RU-A1267,0.003961,,2.0,,0,2
RU-A1268,0.02559,0.08817,2.0,2.0,0,4
RU-A1276,,0.00078,,2.0,0,0
RU-A1277,,0.097001,,2.0,0,1
RU-A1278,0.005588,0.987745,2.0,2.0,0,0
RU-A1279,,0.000218,,2.0,0,0
RU-A1283,0.007556,,2.0,,0,4
RU-A1308,0.377607,0.022194,2.0,2.0,1,3
RU-A1345,0.035314,0.563913,2.0,2.0,1,1
RU-A1347,,0.117101,,2.0,1,0
