pid,fold,y_true,n_smartphone,n_thermal,source
RU-A1014,0,0,8,2,smartphone_master_seed42
RU-A1016,1,0,11,11,smartphone_master_seed42
RU-A1020,3,0,7,8,smartphone_master_seed42
RU-A1028,4,0,4,3,smartphone_master_seed42
RU-A1029,4,0,10,3,smartphone_master_seed42
RU-A1030,1,0,6,2,smartphone_master_seed42
RU-A1035,4,0,9,4,smartphone_master_seed42
RU-A1036,0,0,0,2,extended_stratified_seed42
RU-A1041,4,1,15,12,smartphone_master_seed42
RU-A1042,2,1,30,28,smartphone_master_seed42
RU-A1048,0,1,24,13,smartphone_master_seed42
RU-A1049,1,0,8,2,smartphone_master_seed42
RU-A1050,3,1,2,0,smartphone_master_seed42
RU-A1052,2,0,12,8,smartphone_master_seed42
RU-A1058,2,0,24,20,smartphone_master_seed42
RU-A1062,2,1,7,3,smartphone_master_seed42
RU-A1064,3,0,10,0,smartphone_master_seed42
RU-A1067,1,0,9,11,smartphone_master_seed42
RU-A1068,2,0,14,6,smartphone_master_seed42
RU-A1069,3,0,32,29,smartphone_master_seed42
RU-A1070,4,0,13,4,smartphone_master_seed42
RU-A1071,0,1,6,7,smartphone_master_seed42
RU-A1072,0,0,8,8,smartphone_master_seed42
RU-A1073,4,0,11,3,smartphone_master_seed42
RU-A1074,2,0,6,4,smartphone_master_seed42
RU-A1076,1,0,8,8,smartphone_master_seed42
RU-A1078,0,1,6,6,smartphone_master_seed42
RU-A1079,0,0,14,4,smartphone_master_seed42
RU-A1080,3,0,12,10,smartphone_master_seed42
RU-A1081,0,0,4,4,smartphone_master_seed42
RU-A1082,2,0,14,10,smartphone_master_seed42
RU-A1083,0,0,4,4,smartphone_master_seed42
RU-A1084,4,0,44,40,smartphone_master_seed42
RU-A1085,3,0,20,10,smartphone_master_seed42
RU-A1087,0,0,10,4,smartphone_master_seed42
RU-A1088,3,0,6,9,smartphone_master_seed42
RU-A1089,1,1,2,2,smartphone_master_seed42
RU-A1090,1,0,8,4,smartphone_master_seed42
RU-A1091,4,0,8,6,smartphone_master_seed42
RU-A1092,2,0,8,4,smartphone_master_seed42
RU-A1093,2,0,0,10,extended_stratified_seed42
RU-A1094,4,0,2,28,smartphone_master_seed42
RU-A1095,3,0,8,4,smartphone_master_seed42
RU-A1096,0,0,10,4,smartphone_master_seed42
RU-A1098,3,0,8,6,smartphone_master_seed42
RU-A1099,2,1,8,5,smartphone_master_seed42
RU-A1100,2,0,6,4,smartphone_master_seed42
RU-A1101,4,0,10,0,smartphone_master_seed42
RU-A1103,0,0,6,2,smartphone_master_seed42
RU-A1104,0,1,0,8,extended_stratified_seed42
RU-A1105,4,0,5,2,smartphone_master_seed42
RU-A1106,3,0,6,2,smartphone_master_seed42
RU-A1107,0,1,4,4,smartphone_master_seed42
RU-A1109,1,0,2,2,smartphone_master_seed42
RU-A1110,3,0,8,4,smartphone_master_seed42
RU-A1111,1,0,14,14,smartphone_master_seed42
RU-A1112,4,0,10,1,smartphone_master_seed42
RU-A1113,3,0,10,0,smartphone_master_seed42
RU-A1114,2,0,14,2,smartphone_master_seed42
RU-A1115,3,0,10,4,smartphone_master_seed42
RU-A1116,0,0,8,0,smartphone_master_seed42
RU-A1117,3,0,10,4,smartphone_master_seed42
RU-A1118,4,0,2,0,smartphone_master_seed42
RU-A1119,3,0,8,11,smartphone_master_seed42
RU-A1120,1,0,10,4,smartphone_master_seed42
RU-A1122,3,0,7,4,smartphone_master_seed42
RU-A1123,2,0,8,0,smartphone_master_seed42
RU-A1125,2,0,6,1,smartphone_master_seed42
RU-A1126,2,0,23,12,smartphone_master_seed42
RU-A1127,0,0,16,10,smartphone_master_seed42
RU-A1128,0,0,12,6,smartphone_master_seed42
RU-A1129,3,0,18,12,smartphone_master_seed42
RU-A1130,3,0,22,10,smartphone_master_seed42
RU-A1131,3,0,27,20,smartphone_master_seed42
RU-A1132,4,0,6,6,smartphone_master_seed42
RU-A1133,2,0,17,10,smartphone_master_seed42
RU-A1134,4,0,4,4,smartphone_master_seed42
RU-A1135,1,0,18,8,smartphone_master_seed42
RU-A1136,0,0,4,2,smartphone_master_seed42
RU-A1137,3,0,6,2,smartphone_master_seed42
RU-A1138,4,0,4,4,smartphone_master_seed42
RU-A1139,3,0,20,20,smartphone_master_seed42
RU-A1140,4,0,8,7,smartphone_master_seed42
RU-A1141,2,0,12,6,smartphone_master_seed42
RU-A1142,2,0,9,2,smartphone_master_seed42
RU-A1144,1,0,4,4,smartphone_master_seed42
RU-A1145,2,0,18,13,smartphone_master_seed42
RU-A1146,0,0,10,6,smartphone_master_seed42
RU-A1147,0,0,14,4,smartphone_master_seed42
RU-A1148,2,0,4,7,smartphone_master_seed42
RU-A1149,2,0,2,2,smartphone_master_seed42
RU-A1150,0,0,6,4,smartphone_master_seed42
RU-A1151,1,0,8,24,smartphone_master_seed42
RU-A1152,1,0,10,2,smartphone_master_seed42
RU-A1153,3,0,4,4,smartphone_master_seed42
RU-A1154,2,0,10,4,smartphone_master_seed42
RU-A1155,1,0,9,4,smartphone_master_seed42
RU-A1156,4,1,15,18,smartphone_master_seed42
RU-A1157,3,0,10,13,smartphone_master_seed42
RU-A1158,2,0,10,8,smartphone_master_seed42
RU-A1159,1,0,10,8,smartphone_master_seed42
RU-A1160,2,0,4,6,smartphone_master_seed42
RU-A1161,1,0,6,10,smartphone_master_seed42
RU-A1162,3,0,14,20,smartphone_master_seed42
RU-A1163,3,1,0,4,extended_stratified_seed42
RU-A1164,4,0,10,6,smartphone_master_seed42
RU-A1165,1,0,4,2,smartphone_master_seed42
RU-A1166,2,0,7,6,smartphone_master_seed42
RU-A1167,4,0,4,6,smartphone_master_seed42
RU-A1168,1,0,8,8,smartphone_master_seed42
RU-A1169,0,0,6,2,smartphone_master_seed42
RU-A1170,4,1,14,14,smartphone_master_seed42
RU-A1171,2,0,4,4,smartphone_master_seed42
RU-A1172,1,0,8,8,smartphone_master_seed42
RU-A1173,0,0,6,4,smartphone_master_seed42
RU-A1174,1,0,10,8,smartphone_master_seed42
RU-A1175,4,0,7,6,smartphone_master_seed42
RU-A1176,4,0,13,14,smartphone_master_seed42
RU-A1177,3,0,4,4,smartphone_master_seed42
RU-A1178,0,0,0,4,extended_stratified_seed42
RU-A1179,2,0,4,4,smartphone_master_seed42
RU-A1180,0,1,2,2,smartphone_master_seed42
RU-A1181,0,0,4,6,smartphone_master_seed42
RU-A1182,4,0,4,6,smartphone_master_seed42
RU-A1183,2,0,4,4,smartphone_master_seed42
RU-A1184,4,0,0,4,extended_stratified_seed42
RU-A1185,1,0,4,4,smartphone_master_seed42
RU-A1186,2,0,14,6,smartphone_master_seed42
RU-A1187,3,0,12,6,smartphone_master_seed42
RU-A1201,2,0,6,8,smartphone_master_seed42
RU-A1202,1,0,15,10,smartphone_master_seed42
RU-A1203,4,0,7,4,smartphone_master_seed42
RU-A1205,3,0,6,2,smartphone_master_seed42
RU-A1206,0,0,8,2,smartphone_master_seed42
RU-A1207,4,0,15,13,smartphone_master_seed42
RU-A1208,4,0,16,8,smartphone_master_seed42
RU-A1209,2,0,10,2,smartphone_master_seed42
RU-A1210,3,0,10,4,smartphone_master_seed42
RU-A1211,1,0,6,4,smartphone_master_seed42
RU-A1212,0,0,14,8,smartphone_master_seed42
RU-A1213,4,0,19,12,smartphone_master_seed42
RU-A1214,3,0,18,8,smartphone_master_seed42
RU-A1215,4,0,13,10,smartphone_master_seed42
RU-A1216,1,0,10,6,smartphone_master_seed42
RU-A1217,4,0,12,4,smartphone_master_seed42
RU-A1218,0,0,8,6,smartphone_master_seed42
RU-A1219,0,0,10,2,smartphone_master_seed42
RU-A1220,2,0,11,2,smartphone_master_seed42
RU-A1221,1,0,6,4,smartphone_master_seed42
RU-A1222,4,0,4,0,smartphone_master_seed42
RU-A1223,0,0,4,14,smartphone_master_seed42
RU-A1224,0,0,5,14,smartphone_master_seed42
RU-A1225,0,0,2,2,smartphone_master_seed42
RU-A1226,0,0,4,2,smartphone_master_seed42
RU-A1227,3,0,6,6,smartphone_master_seed42
RU-A1228,2,0,12,4,smartphone_master_seed42
RU-A1229,4,1,5,18,smartphone_master_seed42
RU-A1230,4,0,12,4,smartphone_master_seed42
RU-A1231,2,0,8,4,smartphone_master_seed42
RU-A1232,1,0,8,4,smartphone_master_seed42
RU-A1233,0,0,8,6,smartphone_master_seed42
RU-A1234,1,0,4,12,smartphone_master_seed42
RU-A1235,1,0,4,2,smartphone_master_seed42
RU-A1236,3,0,2,2,smartphone_master_seed42
RU-A1237,2,0,5,24,smartphone_master_seed42
RU-A1238,1,0,8,4,smartphone_master_seed42
RU-A1239,3,0,6,4,smartphone_master_seed42
RU-A1240,3,1,12,10,smartphone_master_seed42
RU-A1241,2,0,10,4,smartphone_master_seed42
RU-A1242,1,0,10,4,smartphone_master_seed42
RU-A1243,1,0,12,8,smartphone_master_seed42
RU-A1244,3,0,10,8,smartphone_master_seed42
RU-A1245,2,0,12,5,smartphone_master_seed42
RU-A1246,2,0,4,2,smartphone_master_seed42
RU-A1247,1,0,0,4,extended_stratified_seed42
RU-A1248,3,0,6,4,smartphone_master_seed42
RU-A1249,3,0,20,13,smartphone_master_seed42
RU-A1250,2,0,12,6,smartphone_master_seed42
RU-A1251,2,1,26,28,smartphone_master_seed42
RU-A1252,2,0,40,42,smartphone_master_seed42
RU-A1254,3,0,9,4,smartphone_master_seed42
RU-A1255,1,0,18,14,smartphone_master_seed42
RU-A1257,0,0,5,7,smartphone_master_seed42
RU-A1258,0,0,5,3,smartphone_master_seed42
RU-A1259,3,0,3,3,smartphone_master_seed42
RU-A1260,0,0,2,2,smartphone_master_seed42
RU-A1261,4,0,10,4,smartphone_master_seed42
RU-A1262,4,0,16,9,smartphone_master_seed42
RU-A1263,3,0,13,6,smartphone_master_seed42
RU-A1264,4,0,17,4,smartphone_master_seed42
RU-A1265,0,0,11,2,smartphone_master_seed42
RU-A1266,1,0,10,4,smartphone_master_seed42
RU-A1267,2,0,8,2,smartphone_master_seed42
RU-A1268,4,0,4,2,smartphone_master_seed42
RU-A1269,1,0,9,7,smartphone_master_seed42
RU-A1270,4,0,11,2,smartphone_master_seed42
RU-A1271,1,0,4,1,smartphone_master_seed42
RU-A1272,1,0,7,4,smartphone_master_seed42
RU-A1273,4,0,13,3,smartphone_master_seed42
RU-A1274,1,0,13,2,smartphone_master_seed42
RU-A1275,0,1,2,0,smartphone_master_seed42
RU-A1276,0,0,10,4,smartphone_master_seed42
RU-A1277,1,0,10,8,smartphone_master_seed42
RU-A1278,0,0,8,4,smartphone_master_seed42
RU-A1279,0,0,15,4,smartphone_master_seed42
RU-A1280,3,0,2,4,smartphone_master_seed42
RU-A1281,3,0,4,5,smartphone_master_seed42
RU-A1282,2,0,6,4,smartphone_master_seed42
RU-A1283,4,0,8,2,smartphone_master_seed42
RU-A1284,1,0,6,10,smartphone_master_seed42
RU-A1303,4,1,0,4,extended_stratified_seed42
RU-A1304,0,0,2,0,smartphone_master_seed42
RU-A1305,2,0,0,2,extended_stratified_seed42
RU-A1306,1,0,0,2,extended_stratified_seed42
RU-A1307,4,0,1,0,smartphone_master_seed42
RU-A1308,3,1,4,2,smartphone_master_seed42
RU-A1309,3,0,0,2,extended_stratified_seed42
RU-A1310,4,0,2,0,smartphone_master_seed42
RU-A1311,2,0,3,0,smartphone_master_seed42
RU-A1345,1,1,4,4,smartphone_master_seed42
RU-A1347,0,1,2,1,smartphone_master_seed42
