pid,Image_Filename,recovered_pod,evidence
RU-A1264,IMG_1172 2.heic,,unresolved_no_exif_no_surgery_date
RU-A1264,IMG_1173 2.heic,,unresolved_no_exif_no_surgery_date
RU-A1304,imagejpeg_0 2.JPG,,unresolved_no_exif_no_surgery_date
RU-A1307,IMG_4666.HEIC,,unresolved_no_exif_no_surgery_date
RU-A1310,IMG_3423.HEIC,,unresolved_no_exif_no_surgery_date
RU-A1310,IMG_3424.HEIC,,unresolved_no_exif_no_surgery_date
RU-A1311,IMG_0225.HEIC,,unresolved_no_exif_no_surgery_date
RU-A1311,IMG_0226.HEIC,,unresolved_no_exif_no_surgery_date
RU-A1311,IMG_0227.HEIC,,unresolved_no_exif_no_surgery_date
